Age,Gender,EducationLevel,ExperienceYears,PreviousCompanies,DistanceFromCompany,InterviewScore,SkillScore,PersonalityScore,RecruitmentStrategy,HiringDecision
26.0,1.0,2.0,0.0,3.0,26.78382755385365,48.0,78.0,91.0,1.0,1.0
39.0,1.0,4.0,12.0,3.0,25.8626943295439,35.0,68.0,80.0,2.0,1.0
48.0,0.0,2.0,3.0,2.0,9.920804828174788,20.0,67.0,13.0,2.0,0.0
34.0,1.0,2.0,5.0,2.0,6.407750728667837,36.0,27.0,70.0,3.0,0.0
30.0,0.0,1.0,6.0,1.0,43.10534312417558,23.0,52.0,85.0,2.0,0.0
27.0,0.0,3.0,14.0,4.0,31.706658809375902,54.0,50.0,50.0,1.0,1.0
48.0,0.0,2.0,6.0,1.0,17.291229200972435,24.0,52.0,64.0,3.0,0.0
40.0,0.0,4.0,13.0,3.0,10.586810869513323,6.0,3.0,92.0,3.0,0.0
26.0,1.0,3.0,6.0,5.0,28.77486400848157,80.0,78.0,51.0,1.0,1.0
45.0,1.0,2.0,2.0,5.0,30.195964463056768,92.0,16.0,94.0,3.0,0.0
38.0,1.0,1.0,15.0,2.0,11.349680062252908,93.0,66.0,29.0,2.0,0.0
42.0,0.0,3.0,5.0,5.0,43.5702873945737,70.0,73.0,56.0,2.0,0.0
30.0,0.0,3.0,12.0,5.0,5.2132183077925545,96.0,46.0,78.0,3.0,1.0
30.0,0.0,1.0,7.0,5.0,18.804654258321083,70.0,55.0,81.0,2.0,0.0
43.0,1.0,2.0,3.0,3.0,35.019220688126104,23.0,22.0,98.0,1.0,0.0
40.0,0.0,3.0,12.0,5.0,14.706018190960034,10.0,17.0,29.0,2.0,0.0
23.0,1.0,1.0,7.0,5.0,42.38375973906359,72.0,0.0,97.0,2.0,0.0
27.0,1.0,4.0,1.0,5.0,37.993391330020174,11.0,34.0,41.0,1.0,0.0
43.0,1.0,2.0,14.0,1.0,40.45114222740671,34.0,63.0,10.0,2.0,0.0
22.0,1.0,1.0,9.0,3.0,6.955326793835813,62.0,57.0,26.0,2.0,0.0
41.0,1.0,3.0,8.0,2.0,8.027356399777146,67.0,94.0,23.0,2.0,0.0
40.0,1.0,2.0,8.0,1.0,15.32368688722918,99.0,58.0,98.0,2.0,1.0
21.0,0.0,2.0,7.0,4.0,26.903858259878053,91.0,0.0,38.0,3.0,0.0
43.0,0.0,1.0,9.0,3.0,38.40080383497012,56.0,2.0,71.0,2.0,0.0
31.0,1.0,1.0,13.0,3.0,42.82654453804518,12.0,66.0,17.0,2.0,0.0
49.0,1.0,2.0,12.0,4.0,36.21676579785903,22.0,36.0,76.0,1.0,1.0
25.0,0.0,2.0,9.0,4.0,47.42984407653192,82.0,82.0,44.0,2.0,0.0
21.0,1.0,2.0,0.0,4.0,37.93717548079651,100.0,28.0,87.0,3.0,0.0
47.0,1.0,3.0,1.0,2.0,16.313394350230737,38.0,88.0,86.0,2.0,0.0
40.0,0.0,2.0,5.0,5.0,14.25406421692863,87.0,32.0,11.0,2.0,0.0
20.0,1.0,1.0,9.0,3.0,35.80962251505449,79.0,99.0,48.0,2.0,0.0
31.0,1.0,2.0,4.0,5.0,10.643528434480714,96.0,60.0,93.0,2.0,0.0
45.0,1.0,4.0,11.0,5.0,5.635740540513495,11.0,92.0,30.0,1.0,1.0
41.0,0.0,3.0,13.0,4.0,27.61114374280969,33.0,89.0,91.0,3.0,1.0
48.0,0.0,2.0,8.0,2.0,42.082078488947765,70.0,3.0,21.0,1.0,0.0
31.0,0.0,2.0,4.0,1.0,6.068992123493176,74.0,13.0,43.0,2.0,0.0
44.0,1.0,2.0,1.0,2.0,40.59456618978646,30.0,90.0,91.0,2.0,0.0
36.0,1.0,3.0,9.0,5.0,41.5786002175774,92.0,32.0,63.0,2.0,1.0
46.0,0.0,3.0,3.0,2.0,25.113700004077177,61.0,21.0,76.0,1.0,1.0
46.0,1.0,2.0,8.0,4.0,3.865515500524341,12.0,47.0,24.0,2.0,0.0
50.0,1.0,3.0,0.0,1.0,9.72949256235932,30.0,2.0,50.0,1.0,0.0
29.0,1.0,3.0,10.0,4.0,36.37131375809662,1.0,86.0,6.0,1.0,1.0
47.0,1.0,1.0,0.0,1.0,36.58889724954747,14.0,84.0,5.0,2.0,0.0
47.0,1.0,2.0,11.0,5.0,45.91776375838327,56.0,22.0,23.0,2.0,0.0
35.0,0.0,1.0,6.0,1.0,30.134307327729143,74.0,67.0,18.0,1.0,1.0
34.0,1.0,2.0,10.0,1.0,7.205368385688869,33.0,20.0,82.0,1.0,1.0
49.0,0.0,3.0,2.0,1.0,7.070745275248607,67.0,100.0,99.0,3.0,0.0
49.0,1.0,2.0,9.0,2.0,37.05661786784118,74.0,42.0,8.0,3.0,0.0
34.0,0.0,2.0,1.0,2.0,10.189233255395058,28.0,94.0,35.0,1.0,0.0
49.0,1.0,1.0,8.0,5.0,17.419274980830266,65.0,84.0,39.0,2.0,0.0
38.0,0.0,2.0,2.0,1.0,25.36060034609569,15.0,25.0,92.0,2.0,0.0
31.0,1.0,2.0,15.0,3.0,2.23824387880756,38.0,40.0,23.0,2.0,0.0
42.0,0.0,2.0,1.0,5.0,13.440951350996594,76.0,98.0,47.0,3.0,0.0
39.0,1.0,2.0,11.0,1.0,21.394480425364,36.0,37.0,62.0,1.0,1.0
44.0,0.0,2.0,7.0,1.0,14.981815924660312,80.0,87.0,68.0,2.0,1.0
22.0,1.0,2.0,9.0,2.0,7.818516373378292,20.0,10.0,52.0,2.0,0.0
24.0,0.0,1.0,5.0,5.0,37.40061288980987,43.0,28.0,53.0,2.0,0.0
38.0,0.0,1.0,5.0,1.0,41.65738275839925,18.0,59.0,41.0,2.0,0.0
26.0,1.0,2.0,9.0,1.0,13.873948807186242,70.0,66.0,44.0,3.0,0.0
40.0,1.0,2.0,10.0,5.0,39.72097473031516,7.0,64.0,89.0,1.0,1.0
28.0,0.0,2.0,6.0,3.0,20.27767822006569,76.0,60.0,13.0,1.0,1.0
26.0,1.0,2.0,6.0,5.0,26.33428954270014,100.0,18.0,28.0,1.0,1.0
37.0,0.0,2.0,10.0,5.0,43.80005374465764,65.0,45.0,5.0,3.0,0.0
23.0,0.0,3.0,12.0,3.0,38.4976840901204,40.0,48.0,6.0,2.0,0.0
44.0,0.0,1.0,14.0,5.0,41.25584256580888,74.0,21.0,36.0,2.0,0.0
47.0,1.0,2.0,5.0,1.0,7.842258329317841,87.0,77.0,52.0,1.0,1.0
33.0,0.0,3.0,3.0,5.0,4.485971291686473,69.0,56.0,17.0,3.0,0.0
37.0,0.0,2.0,10.0,3.0,45.67023645439935,60.0,13.0,86.0,3.0,0.0
45.0,1.0,2.0,8.0,4.0,20.39171347855472,25.0,43.0,37.0,2.0,0.0
28.0,1.0,4.0,5.0,5.0,15.393983903484042,70.0,15.0,58.0,2.0,0.0
45.0,1.0,3.0,3.0,2.0,37.23481271309122,82.0,96.0,0.0,1.0,1.0
40.0,1.0,2.0,11.0,1.0,42.82077982899283,69.0,76.0,67.0,2.0,0.0
21.0,0.0,2.0,2.0,1.0,44.12448109491505,28.0,11.0,43.0,2.0,0.0
39.0,0.0,2.0,3.0,2.0,16.799857056261366,65.0,54.0,46.0,1.0,0.0
47.0,0.0,2.0,2.0,2.0,43.6106195600837,18.0,50.0,34.0,2.0,0.0
34.0,0.0,2.0,14.0,5.0,3.046697218717269,67.0,38.0,86.0,1.0,1.0
47.0,1.0,2.0,1.0,2.0,3.483074572985944,57.0,32.0,90.0,2.0,0.0
26.0,0.0,2.0,13.0,4.0,32.17595975870772,69.0,32.0,59.0,2.0,0.0
31.0,0.0,2.0,4.0,3.0,4.155318455777312,56.0,28.0,89.0,1.0,0.0
48.0,1.0,3.0,1.0,2.0,17.230458425508075,36.0,68.0,51.0,2.0,0.0
27.0,0.0,2.0,5.0,2.0,34.6377993123462,60.0,69.0,7.0,2.0,0.0
34.0,0.0,1.0,2.0,4.0,17.863344802711318,91.0,30.0,79.0,1.0,1.0
22.0,0.0,2.0,5.0,1.0,9.979989072004797,29.0,79.0,40.0,3.0,0.0
33.0,0.0,2.0,14.0,1.0,15.067531092692082,70.0,30.0,2.0,1.0,0.0
36.0,0.0,2.0,10.0,5.0,23.878766612521588,72.0,88.0,95.0,2.0,1.0
23.0,0.0,2.0,9.0,4.0,24.76929276777412,24.0,45.0,68.0,1.0,1.0
37.0,1.0,2.0,8.0,3.0,40.150011567360096,96.0,96.0,83.0,1.0,1.0
27.0,1.0,2.0,0.0,3.0,38.50766147157562,64.0,76.0,13.0,1.0,0.0
23.0,0.0,1.0,15.0,4.0,23.84089022780676,5.0,51.0,95.0,1.0,1.0
21.0,0.0,1.0,15.0,3.0,43.28336745493857,17.0,9.0,25.0,2.0,0.0
49.0,1.0,2.0,5.0,1.0,6.711856929569792,9.0,87.0,69.0,1.0,1.0
25.0,0.0,2.0,8.0,3.0,13.767667511445074,91.0,73.0,57.0,2.0,0.0
41.0,0.0,4.0,10.0,3.0,42.398823175112575,10.0,40.0,99.0,1.0,1.0
29.0,0.0,2.0,3.0,4.0,19.899701931307654,96.0,94.0,39.0,1.0,1.0
23.0,1.0,2.0,10.0,4.0,50.05907793969211,64.0,76.0,50.0,2.0,0.0
41.0,0.0,2.0,11.0,3.0,24.31266407639177,76.0,2.0,4.0,3.0,0.0
48.0,1.0,1.0,1.0,2.0,40.59678114818821,100.0,58.0,76.0,2.0,0.0
50.0,0.0,4.0,12.0,4.0,21.1153520691186,83.0,51.0,31.0,2.0,1.0
37.0,1.0,2.0,3.0,5.0,22.24767595312152,64.0,33.0,79.0,1.0,0.0
45.0,1.0,3.0,0.0,5.0,20.14415736420917,51.0,48.0,0.0,3.0,0.0
31.0,0.0,1.0,2.0,1.0,36.953781025540586,66.0,27.0,76.0,1.0,0.0
21.0,1.0,2.0,9.0,3.0,28.375894202999724,81.0,82.0,53.0,1.0,1.0
29.0,0.0,2.0,8.0,2.0,48.188905568418456,77.0,86.0,10.0,2.0,0.0
49.0,1.0,3.0,9.0,1.0,13.544515826705238,30.0,95.0,52.0,2.0,0.0
23.0,0.0,1.0,4.0,3.0,6.028136604172218,90.0,12.0,7.0,3.0,0.0
33.0,0.0,2.0,14.0,4.0,20.66307425496076,16.0,96.0,24.0,1.0,1.0
50.0,1.0,4.0,10.0,5.0,31.8356353823388,54.0,97.0,39.0,3.0,0.0
35.0,0.0,2.0,5.0,2.0,44.03994684577475,92.0,96.0,31.0,2.0,0.0
34.0,0.0,2.0,2.0,5.0,18.309844334016383,35.0,68.0,87.0,2.0,0.0
27.0,1.0,1.0,15.0,4.0,33.68933755622308,100.0,66.0,27.0,1.0,1.0
33.0,0.0,4.0,4.0,3.0,18.509934051160958,25.0,60.0,77.0,1.0,1.0
42.0,0.0,1.0,10.0,4.0,31.860979149722905,52.0,59.0,2.0,3.0,0.0
47.0,1.0,3.0,7.0,4.0,45.24039735153254,16.0,70.0,99.0,2.0,1.0
44.0,1.0,3.0,5.0,5.0,12.567882112970452,85.0,23.0,90.0,2.0,0.0
49.0,0.0,2.0,3.0,2.0,21.21208210535196,24.0,62.0,83.0,3.0,0.0
27.0,0.0,2.0,1.0,4.0,50.66325982148733,1.0,85.0,78.0,1.0,1.0
40.0,1.0,1.0,13.0,5.0,44.42785141247304,85.0,60.0,61.0,2.0,1.0
35.0,1.0,2.0,8.0,2.0,29.231992894810094,4.0,22.0,26.0,2.0,0.0
32.0,0.0,3.0,12.0,3.0,26.83137959271377,3.0,29.0,44.0,1.0,1.0
37.0,1.0,3.0,11.0,3.0,15.23001911523405,35.0,59.0,91.0,1.0,1.0
34.0,0.0,2.0,0.0,1.0,26.86047138467647,5.0,17.0,24.0,2.0,0.0
40.0,0.0,2.0,0.0,5.0,43.40907491399736,20.0,95.0,60.0,2.0,0.0
43.0,0.0,1.0,12.0,2.0,35.25872566388903,76.0,55.0,43.0,2.0,0.0
45.0,0.0,1.0,3.0,4.0,15.502201408899328,100.0,52.0,96.0,1.0,1.0
44.0,0.0,1.0,6.0,3.0,11.073196052676646,88.0,6.0,45.0,3.0,0.0
47.0,1.0,2.0,0.0,2.0,14.260426849841457,25.0,96.0,13.0,1.0,0.0
47.0,1.0,2.0,8.0,5.0,9.487960069641328,54.0,68.0,7.0,2.0,0.0
47.0,1.0,2.0,3.0,1.0,5.782034801185797,38.0,91.0,47.0,2.0,0.0
32.0,1.0,2.0,2.0,3.0,21.95680872210275,83.0,71.0,13.0,1.0,1.0
28.0,0.0,2.0,0.0,2.0,6.664980219913385,32.0,78.0,64.0,1.0,1.0
48.0,0.0,2.0,9.0,2.0,9.595627886355215,13.0,51.0,79.0,2.0,0.0
34.0,0.0,3.0,3.0,2.0,28.366234216974306,55.0,3.0,81.0,3.0,0.0
32.0,0.0,2.0,8.0,5.0,9.229963684978737,99.0,33.0,6.0,1.0,1.0
20.0,1.0,4.0,12.0,5.0,4.193988371545142,80.0,68.0,78.0,2.0,1.0
44.0,0.0,3.0,13.0,5.0,16.86944250139426,20.0,32.0,87.0,2.0,0.0
26.0,0.0,1.0,9.0,4.0,12.015954931098376,45.0,68.0,48.0,1.0,1.0
28.0,1.0,3.0,15.0,2.0,26.76525939971884,15.0,37.0,54.0,2.0,0.0
43.0,1.0,2.0,15.0,3.0,6.118354229160466,15.0,97.0,12.0,3.0,0.0
20.0,1.0,2.0,5.0,5.0,38.58853938414891,83.0,25.0,72.0,2.0,0.0
31.0,1.0,2.0,15.0,5.0,46.31167597175693,28.0,0.0,55.0,3.0,0.0
27.0,0.0,2.0,5.0,2.0,38.17175869780972,91.0,3.0,55.0,1.0,0.0
43.0,0.0,2.0,0.0,5.0,27.641351870069716,7.0,38.0,14.0,2.0,0.0
50.0,1.0,2.0,9.0,4.0,44.03339108944426,87.0,53.0,56.0,2.0,0.0
30.0,0.0,2.0,1.0,4.0,35.74591898907538,2.0,89.0,57.0,2.0,0.0
38.0,0.0,2.0,10.0,5.0,1.527556122509493,88.0,32.0,34.0,2.0,0.0
36.0,0.0,2.0,5.0,2.0,20.704507638725158,18.0,32.0,87.0,1.0,0.0
27.0,1.0,3.0,1.0,2.0,43.54759497034,96.0,71.0,96.0,2.0,1.0
22.0,0.0,1.0,2.0,2.0,18.292942898763464,65.0,19.0,15.0,2.0,0.0
22.0,1.0,2.0,3.0,1.0,2.760758676276175,78.0,15.0,7.0,1.0,0.0
20.0,0.0,3.0,10.0,5.0,38.308981927613615,85.0,20.0,92.0,3.0,1.0
46.0,0.0,2.0,4.0,2.0,41.10191351414343,73.0,44.0,86.0,2.0,0.0
24.0,0.0,1.0,14.0,4.0,9.029684752165428,81.0,89.0,44.0,2.0,0.0
29.0,1.0,1.0,8.0,3.0,27.86702484215906,21.0,86.0,94.0,1.0,1.0
26.0,0.0,2.0,11.0,3.0,10.597771949786289,45.0,81.0,39.0,1.0,1.0
45.0,1.0,4.0,14.0,2.0,36.96172095220734,90.0,61.0,53.0,2.0,1.0
28.0,1.0,2.0,14.0,3.0,14.577522758874284,12.0,30.0,13.0,2.0,0.0
47.0,1.0,4.0,3.0,3.0,16.810756128166503,32.0,41.0,58.0,2.0,0.0
26.0,0.0,2.0,12.0,1.0,43.248542682005066,4.0,11.0,93.0,2.0,0.0
28.0,0.0,2.0,10.0,4.0,24.816117610345216,89.0,64.0,52.0,1.0,1.0
27.0,0.0,2.0,8.0,4.0,34.48772256091239,76.0,72.0,26.0,2.0,0.0
31.0,0.0,2.0,10.0,1.0,21.11865253612338,26.0,2.0,46.0,2.0,0.0
21.0,1.0,1.0,9.0,1.0,15.90034285968777,77.0,89.0,79.0,2.0,1.0
20.0,1.0,3.0,2.0,3.0,32.27390302123307,23.0,8.0,5.0,1.0,0.0
35.0,1.0,3.0,7.0,5.0,8.742878703941063,66.0,50.0,54.0,1.0,1.0
42.0,0.0,2.0,11.0,3.0,19.64999177834315,62.0,15.0,96.0,2.0,0.0
42.0,1.0,4.0,0.0,1.0,11.451851869296114,93.0,87.0,43.0,1.0,1.0
49.0,0.0,3.0,10.0,4.0,35.789748347037275,98.0,77.0,17.0,1.0,1.0
43.0,1.0,2.0,8.0,3.0,48.21044191730538,47.0,2.0,15.0,1.0,0.0
24.0,0.0,1.0,8.0,5.0,50.77554840079332,62.0,97.0,11.0,2.0,0.0
22.0,0.0,2.0,9.0,3.0,23.513840522079537,77.0,96.0,19.0,2.0,0.0
31.0,1.0,2.0,1.0,2.0,13.626519481822225,11.0,23.0,44.0,2.0,0.0
27.0,1.0,2.0,3.0,3.0,23.141468519216208,27.0,72.0,63.0,1.0,1.0
41.0,1.0,1.0,12.0,1.0,43.36347049813619,43.0,12.0,58.0,2.0,0.0
46.0,1.0,3.0,7.0,4.0,11.300283927601994,92.0,1.0,92.0,1.0,1.0
22.0,0.0,1.0,6.0,4.0,48.60478258264619,42.0,70.0,93.0,3.0,0.0
20.0,1.0,2.0,0.0,1.0,18.09328843990755,16.0,20.0,89.0,2.0,0.0
22.0,1.0,4.0,4.0,2.0,50.29018297251525,39.0,18.0,21.0,2.0,0.0
24.0,1.0,3.0,6.0,1.0,42.93044437669811,48.0,88.0,96.0,1.0,1.0
34.0,0.0,2.0,14.0,3.0,41.42852670736952,84.0,46.0,46.0,1.0,1.0
33.0,0.0,3.0,15.0,1.0,16.895233688664177,56.0,21.0,28.0,2.0,0.0
22.0,1.0,1.0,3.0,1.0,1.4388605973964732,86.0,74.0,85.0,2.0,0.0
20.0,0.0,1.0,14.0,2.0,20.106645441299392,83.0,32.0,44.0,1.0,1.0
24.0,1.0,2.0,15.0,3.0,16.090468483134686,63.0,31.0,76.0,3.0,0.0
45.0,0.0,2.0,14.0,5.0,2.869849520439865,74.0,63.0,8.0,3.0,0.0
42.0,0.0,2.0,0.0,5.0,26.26826282529648,56.0,84.0,23.0,2.0,0.0
50.0,0.0,2.0,8.0,4.0,21.15156556413683,97.0,38.0,14.0,3.0,0.0
33.0,0.0,1.0,13.0,1.0,32.72782338707624,73.0,83.0,35.0,1.0,1.0
26.0,1.0,2.0,4.0,4.0,32.05931610970416,73.0,71.0,12.0,1.0,1.0
46.0,1.0,2.0,10.0,2.0,7.037331794834006,69.0,41.0,90.0,1.0,1.0
28.0,1.0,3.0,15.0,5.0,49.84827730633113,99.0,100.0,43.0,2.0,1.0
34.0,0.0,2.0,1.0,1.0,10.346571472072348,87.0,8.0,100.0,1.0,1.0
34.0,1.0,2.0,7.0,2.0,23.263701238235228,75.0,24.0,70.0,3.0,0.0
45.0,1.0,2.0,10.0,2.0,25.405877171686747,42.0,88.0,71.0,1.0,1.0
29.0,1.0,1.0,12.0,1.0,41.653139860706005,22.0,96.0,100.0,2.0,0.0
47.0,0.0,1.0,1.0,2.0,5.961479804732338,26.0,1.0,77.0,3.0,0.0
32.0,0.0,3.0,2.0,1.0,22.432213960426587,57.0,18.0,75.0,1.0,1.0
38.0,0.0,2.0,13.0,1.0,32.425108511810194,36.0,19.0,35.0,1.0,0.0
50.0,1.0,1.0,9.0,3.0,11.757781081202776,5.0,92.0,60.0,2.0,0.0
26.0,1.0,2.0,0.0,4.0,32.37339493830364,64.0,69.0,80.0,1.0,1.0
36.0,1.0,2.0,10.0,2.0,47.18324187748264,5.0,16.0,39.0,1.0,0.0
39.0,0.0,2.0,15.0,2.0,50.87590655863375,49.0,88.0,92.0,1.0,1.0
48.0,0.0,2.0,1.0,3.0,2.622553839533785,21.0,67.0,26.0,2.0,0.0
23.0,1.0,2.0,13.0,3.0,12.779411412233877,87.0,93.0,0.0,3.0,0.0
49.0,0.0,2.0,15.0,3.0,16.515355789584873,24.0,83.0,33.0,3.0,0.0
24.0,0.0,1.0,6.0,5.0,20.956305022248305,78.0,2.0,67.0,1.0,1.0
42.0,0.0,2.0,9.0,5.0,13.11285787923837,89.0,86.0,87.0,2.0,1.0
26.0,0.0,3.0,1.0,5.0,11.174399727765628,71.0,50.0,20.0,2.0,0.0
32.0,1.0,3.0,5.0,1.0,48.727692120875,50.0,81.0,32.0,3.0,0.0
34.0,0.0,3.0,14.0,2.0,46.92608013852589,87.0,25.0,6.0,1.0,1.0
30.0,0.0,2.0,2.0,4.0,3.3496250501558738,47.0,55.0,64.0,2.0,0.0
48.0,0.0,2.0,3.0,1.0,17.940651080242407,69.0,99.0,2.0,2.0,0.0
23.0,0.0,2.0,10.0,2.0,21.25742768392033,98.0,63.0,50.0,3.0,0.0
32.0,1.0,2.0,14.0,2.0,12.950726733297168,64.0,7.0,78.0,1.0,1.0
26.0,1.0,2.0,12.0,3.0,32.44364484940877,59.0,80.0,94.0,1.0,1.0
46.0,0.0,1.0,7.0,3.0,33.01903733221205,45.0,94.0,53.0,1.0,1.0
38.0,0.0,2.0,13.0,1.0,43.525211416429855,35.0,36.0,79.0,1.0,1.0
41.0,0.0,4.0,2.0,3.0,38.04346341926089,57.0,96.0,73.0,2.0,0.0
47.0,0.0,2.0,9.0,2.0,28.12866634829778,75.0,26.0,92.0,2.0,0.0
21.0,0.0,1.0,5.0,3.0,33.67933850222099,37.0,44.0,58.0,2.0,0.0
29.0,0.0,2.0,0.0,5.0,14.699439077150904,10.0,3.0,5.0,1.0,0.0
32.0,1.0,3.0,6.0,3.0,30.652809498367883,11.0,85.0,28.0,1.0,1.0
49.0,0.0,2.0,7.0,2.0,25.46136273749596,41.0,89.0,16.0,1.0,1.0
44.0,1.0,2.0,10.0,1.0,7.66722336581852,38.0,95.0,59.0,1.0,1.0
40.0,1.0,1.0,13.0,4.0,13.127213829148536,70.0,87.0,21.0,2.0,0.0
25.0,0.0,2.0,7.0,3.0,15.5846725360793,10.0,98.0,23.0,1.0,1.0
47.0,1.0,2.0,2.0,2.0,47.2154783526279,35.0,36.0,80.0,1.0,0.0
47.0,1.0,3.0,13.0,4.0,12.519331969294472,51.0,95.0,84.0,2.0,1.0
31.0,1.0,2.0,9.0,4.0,15.462195140983408,30.0,70.0,50.0,2.0,0.0
31.0,1.0,1.0,0.0,5.0,19.46770650447161,32.0,32.0,49.0,2.0,0.0
39.0,1.0,1.0,8.0,4.0,34.18713693126935,12.0,30.0,10.0,3.0,0.0
49.0,1.0,1.0,12.0,2.0,6.911919623607026,17.0,54.0,55.0,1.0,1.0
49.0,0.0,2.0,5.0,2.0,48.6972606246888,40.0,11.0,70.0,2.0,0.0
30.0,1.0,2.0,10.0,3.0,44.27856100473822,57.0,10.0,41.0,2.0,0.0
45.0,1.0,2.0,8.0,3.0,29.860803650447508,55.0,87.0,38.0,2.0,0.0
42.0,1.0,2.0,6.0,3.0,34.701893371247834,23.0,71.0,68.0,3.0,0.0
47.0,0.0,2.0,0.0,4.0,1.8330235622107995,72.0,31.0,47.0,1.0,0.0
44.0,1.0,1.0,11.0,4.0,17.947238767422434,30.0,56.0,56.0,2.0,0.0
26.0,0.0,1.0,11.0,5.0,40.7830115330721,54.0,37.0,20.0,1.0,0.0
49.0,1.0,3.0,0.0,3.0,4.874148689619295,9.0,59.0,81.0,2.0,0.0
20.0,0.0,2.0,5.0,1.0,15.11569171053601,59.0,85.0,98.0,2.0,0.0
20.0,0.0,2.0,4.0,5.0,30.26484141671557,1.0,97.0,19.0,3.0,0.0
44.0,1.0,3.0,8.0,1.0,13.820651384947093,14.0,18.0,14.0,3.0,0.0
46.0,1.0,2.0,1.0,4.0,47.69889870722596,2.0,83.0,68.0,2.0,0.0
49.0,0.0,3.0,7.0,5.0,7.5529315402145185,42.0,55.0,76.0,1.0,1.0
44.0,1.0,2.0,10.0,5.0,40.86971789538893,30.0,13.0,50.0,2.0,0.0
39.0,0.0,4.0,4.0,2.0,26.39743459532041,69.0,32.0,75.0,2.0,0.0
32.0,0.0,1.0,1.0,4.0,38.5165387909978,66.0,9.0,61.0,1.0,0.0
28.0,0.0,1.0,12.0,4.0,16.535766415572372,55.0,79.0,84.0,2.0,0.0
22.0,0.0,2.0,9.0,5.0,26.72448011560194,62.0,63.0,36.0,3.0,0.0
26.0,0.0,4.0,10.0,4.0,43.841767486158815,74.0,63.0,5.0,2.0,1.0
25.0,1.0,3.0,10.0,5.0,24.34390495615522,14.0,61.0,70.0,2.0,1.0
27.0,0.0,1.0,11.0,2.0,18.98599309551348,91.0,67.0,25.0,3.0,0.0
46.0,0.0,2.0,5.0,5.0,27.807769312636804,9.0,90.0,7.0,1.0,0.0
28.0,1.0,4.0,9.0,4.0,36.86813765181834,37.0,91.0,72.0,1.0,1.0
49.0,0.0,2.0,7.0,4.0,23.178167274925137,46.0,42.0,90.0,2.0,0.0
24.0,1.0,3.0,3.0,5.0,47.94384875711365,56.0,79.0,3.0,2.0,0.0
20.0,1.0,3.0,1.0,5.0,15.747291202117102,49.0,58.0,20.0,2.0,0.0
38.0,1.0,2.0,11.0,5.0,24.77318030845602,70.0,51.0,30.0,1.0,1.0
29.0,0.0,2.0,10.0,3.0,38.84638296707208,14.0,96.0,20.0,1.0,1.0
31.0,0.0,2.0,4.0,4.0,35.45605452478791,17.0,18.0,24.0,1.0,0.0
43.0,0.0,2.0,14.0,4.0,44.18205262085781,81.0,20.0,14.0,3.0,0.0
34.0,1.0,3.0,11.0,3.0,50.84045903405544,87.0,21.0,34.0,2.0,0.0
46.0,0.0,2.0,1.0,5.0,22.34291643975448,1.0,8.0,48.0,2.0,0.0
41.0,1.0,3.0,1.0,2.0,6.557543989165592,83.0,8.0,42.0,1.0,1.0
43.0,0.0,1.0,14.0,5.0,2.520794040398399,97.0,72.0,40.0,1.0,1.0
28.0,1.0,4.0,5.0,5.0,37.34384530698858,42.0,26.0,36.0,2.0,0.0
39.0,0.0,2.0,15.0,3.0,44.70068356543578,25.0,16.0,56.0,1.0,0.0
36.0,0.0,1.0,10.0,4.0,12.035629297220934,70.0,43.0,41.0,2.0,0.0
49.0,0.0,1.0,9.0,5.0,8.922401859495299,37.0,44.0,46.0,2.0,0.0
36.0,1.0,3.0,8.0,4.0,4.110254576284549,93.0,7.0,91.0,2.0,1.0
45.0,1.0,2.0,12.0,1.0,42.13514608586032,41.0,79.0,60.0,2.0,0.0
39.0,0.0,3.0,3.0,4.0,16.569096994629216,4.0,17.0,13.0,2.0,0.0
31.0,0.0,1.0,5.0,2.0,21.084844637988823,10.0,32.0,67.0,1.0,0.0
49.0,1.0,1.0,15.0,2.0,26.13750958048061,64.0,0.0,52.0,2.0,0.0
26.0,1.0,2.0,6.0,5.0,42.97266171047754,33.0,75.0,83.0,2.0,0.0
21.0,1.0,2.0,12.0,4.0,33.54166107807425,0.0,5.0,33.0,1.0,0.0
22.0,0.0,2.0,10.0,5.0,31.753231492890563,82.0,40.0,75.0,3.0,0.0
36.0,1.0,4.0,5.0,3.0,9.783604997795535,1.0,54.0,96.0,1.0,1.0
24.0,0.0,4.0,7.0,2.0,26.659494585491487,84.0,4.0,23.0,1.0,1.0
36.0,1.0,4.0,3.0,5.0,36.76905085893276,19.0,58.0,19.0,1.0,1.0
43.0,0.0,3.0,11.0,3.0,49.66304415152459,60.0,79.0,68.0,3.0,1.0
36.0,1.0,2.0,14.0,5.0,11.070315460667612,86.0,17.0,29.0,2.0,0.0
46.0,1.0,2.0,0.0,4.0,1.4771676533613325,20.0,48.0,87.0,2.0,0.0
36.0,1.0,2.0,6.0,4.0,4.765071679923487,87.0,81.0,6.0,1.0,1.0
21.0,1.0,3.0,2.0,4.0,19.79262325909896,67.0,64.0,35.0,2.0,0.0
21.0,1.0,1.0,13.0,4.0,42.02723238729936,11.0,82.0,37.0,2.0,0.0
47.0,0.0,2.0,5.0,1.0,1.3571040884122525,21.0,53.0,79.0,3.0,0.0
41.0,1.0,1.0,1.0,3.0,23.83652964429201,19.0,60.0,51.0,1.0,0.0
42.0,1.0,2.0,8.0,3.0,17.461530767069725,81.0,7.0,14.0,1.0,1.0
24.0,1.0,3.0,0.0,4.0,3.624085504986379,0.0,2.0,45.0,1.0,0.0
20.0,0.0,3.0,5.0,1.0,23.511814333630863,29.0,24.0,22.0,3.0,0.0
20.0,1.0,2.0,5.0,4.0,13.737435366835944,96.0,68.0,11.0,2.0,0.0
38.0,0.0,4.0,4.0,1.0,18.59424171735032,23.0,54.0,92.0,2.0,0.0
49.0,1.0,2.0,15.0,4.0,36.28076523921465,13.0,39.0,43.0,2.0,0.0
21.0,1.0,1.0,12.0,2.0,27.077549195548357,35.0,82.0,14.0,3.0,0.0
40.0,0.0,2.0,4.0,2.0,7.232371449640667,68.0,81.0,92.0,3.0,0.0
31.0,1.0,2.0,0.0,5.0,49.07072702118195,74.0,49.0,48.0,2.0,0.0
45.0,0.0,1.0,9.0,4.0,32.79553828548692,23.0,94.0,20.0,1.0,1.0
25.0,0.0,4.0,11.0,3.0,39.29342128312658,59.0,32.0,14.0,1.0,1.0
42.0,1.0,2.0,4.0,5.0,4.960657500418541,94.0,17.0,13.0,3.0,0.0
23.0,0.0,3.0,1.0,2.0,3.3529189730009445,54.0,56.0,41.0,2.0,0.0
42.0,1.0,2.0,6.0,4.0,1.9724025184040583,76.0,15.0,79.0,1.0,1.0
30.0,1.0,1.0,2.0,5.0,10.439701388672225,79.0,79.0,14.0,2.0,0.0
43.0,0.0,2.0,12.0,4.0,21.720419885924755,23.0,37.0,62.0,3.0,0.0
46.0,0.0,1.0,14.0,2.0,47.79130667014114,76.0,40.0,67.0,2.0,0.0
36.0,0.0,2.0,3.0,5.0,23.852982963288817,23.0,6.0,26.0,2.0,0.0
50.0,0.0,4.0,2.0,2.0,15.51275526862647,53.0,77.0,86.0,3.0,0.0
25.0,1.0,2.0,2.0,1.0,29.096762675983168,25.0,52.0,92.0,2.0,0.0
43.0,1.0,2.0,3.0,2.0,6.596728906739462,65.0,62.0,52.0,1.0,0.0
24.0,0.0,1.0,4.0,4.0,31.47529455024916,79.0,88.0,51.0,3.0,0.0
39.0,1.0,1.0,0.0,3.0,29.421597716525167,37.0,31.0,62.0,3.0,0.0
21.0,1.0,1.0,3.0,2.0,40.59965167028548,64.0,37.0,72.0,3.0,0.0
25.0,1.0,2.0,11.0,3.0,50.3343805808512,74.0,21.0,52.0,2.0,0.0
41.0,1.0,1.0,11.0,1.0,13.543673585805523,50.0,15.0,56.0,1.0,0.0
30.0,0.0,2.0,10.0,5.0,26.48282254018803,34.0,51.0,51.0,3.0,0.0
50.0,0.0,2.0,7.0,5.0,46.44327031595018,42.0,28.0,42.0,1.0,0.0
35.0,1.0,2.0,9.0,3.0,40.25949422114206,28.0,15.0,6.0,3.0,0.0
35.0,0.0,1.0,6.0,5.0,25.37031515504038,36.0,75.0,41.0,3.0,0.0
20.0,0.0,2.0,8.0,2.0,48.26858248073889,80.0,16.0,3.0,2.0,0.0
28.0,0.0,4.0,4.0,3.0,3.861834675840469,57.0,100.0,68.0,3.0,0.0
47.0,1.0,2.0,12.0,4.0,47.5499309856292,53.0,63.0,4.0,2.0,0.0
46.0,1.0,2.0,14.0,2.0,3.5253696191403274,38.0,90.0,74.0,1.0,1.0
25.0,1.0,1.0,9.0,2.0,28.365237205734218,41.0,88.0,91.0,2.0,0.0
35.0,0.0,4.0,3.0,2.0,45.52204740005429,27.0,12.0,79.0,1.0,1.0
48.0,1.0,2.0,7.0,4.0,14.13604717806514,28.0,71.0,40.0,2.0,0.0
22.0,1.0,2.0,8.0,1.0,24.612424947257928,42.0,55.0,93.0,1.0,1.0
39.0,0.0,3.0,12.0,5.0,17.21644395684833,2.0,4.0,3.0,2.0,0.0
47.0,1.0,2.0,6.0,3.0,48.60719585381757,9.0,11.0,1.0,3.0,0.0
46.0,1.0,2.0,13.0,1.0,42.18227973765454,58.0,40.0,66.0,3.0,0.0
23.0,0.0,2.0,15.0,3.0,36.45007556631898,13.0,2.0,20.0,2.0,0.0
38.0,0.0,2.0,6.0,5.0,30.381349330755437,75.0,98.0,69.0,2.0,1.0
45.0,0.0,4.0,15.0,4.0,42.029589466207405,46.0,32.0,42.0,2.0,0.0
22.0,1.0,3.0,4.0,2.0,20.613352076177357,41.0,85.0,81.0,3.0,0.0
50.0,1.0,2.0,3.0,2.0,23.37759275530309,93.0,49.0,68.0,2.0,0.0
38.0,1.0,1.0,13.0,4.0,37.500086054043074,31.0,55.0,8.0,2.0,0.0
39.0,0.0,1.0,9.0,1.0,18.88773816468571,31.0,8.0,83.0,3.0,0.0
26.0,0.0,2.0,0.0,1.0,4.195047102418691,41.0,81.0,27.0,2.0,0.0
39.0,1.0,3.0,9.0,3.0,4.716730444303574,31.0,49.0,25.0,3.0,0.0
28.0,1.0,2.0,9.0,4.0,6.768140065285193,25.0,28.0,81.0,3.0,0.0
20.0,0.0,2.0,6.0,1.0,44.48406616718314,0.0,38.0,82.0,3.0,0.0
27.0,0.0,3.0,15.0,4.0,24.611321287810217,55.0,90.0,2.0,1.0,1.0
26.0,0.0,1.0,0.0,5.0,36.64411846723682,1.0,99.0,72.0,2.0,0.0
37.0,0.0,2.0,0.0,2.0,20.645466780244664,80.0,44.0,99.0,3.0,0.0
27.0,1.0,1.0,4.0,2.0,13.935547370781723,29.0,16.0,94.0,2.0,0.0
20.0,0.0,4.0,12.0,2.0,18.3596083781106,70.0,55.0,48.0,2.0,0.0
30.0,1.0,2.0,8.0,4.0,40.70911726585918,51.0,97.0,16.0,1.0,1.0
47.0,1.0,1.0,5.0,4.0,32.26080625157191,90.0,45.0,62.0,1.0,1.0
44.0,1.0,2.0,2.0,3.0,47.8819889978951,8.0,66.0,54.0,2.0,0.0
44.0,0.0,2.0,12.0,2.0,34.985238928841696,21.0,68.0,22.0,2.0,0.0
37.0,0.0,3.0,2.0,3.0,29.5090815877347,33.0,13.0,33.0,2.0,0.0
42.0,0.0,3.0,6.0,2.0,31.509800449291724,48.0,66.0,68.0,2.0,1.0
50.0,0.0,2.0,5.0,3.0,48.11857197342073,0.0,22.0,14.0,2.0,0.0
49.0,1.0,1.0,8.0,3.0,40.4100464933353,72.0,93.0,46.0,2.0,0.0
29.0,0.0,1.0,5.0,5.0,2.202061868321891,83.0,60.0,2.0,2.0,0.0
22.0,0.0,1.0,4.0,3.0,27.70698480678486,52.0,22.0,82.0,2.0,0.0
26.0,1.0,2.0,9.0,4.0,35.41692057732824,82.0,26.0,27.0,2.0,0.0
47.0,0.0,3.0,6.0,3.0,38.43492392195776,99.0,53.0,2.0,1.0,1.0
35.0,1.0,2.0,0.0,2.0,11.657105965696834,39.0,9.0,3.0,2.0,0.0
45.0,1.0,1.0,11.0,3.0,44.35886772256761,44.0,88.0,87.0,2.0,0.0
35.0,1.0,2.0,6.0,1.0,48.79215735875819,67.0,76.0,30.0,2.0,0.0
44.0,1.0,3.0,15.0,2.0,12.835765292243488,8.0,15.0,44.0,2.0,0.0
39.0,1.0,3.0,2.0,1.0,45.13077287586229,21.0,40.0,58.0,2.0,0.0
47.0,1.0,3.0,13.0,2.0,5.84893812580477,17.0,97.0,44.0,1.0,1.0
36.0,1.0,2.0,8.0,4.0,3.785341805762259,75.0,54.0,74.0,3.0,1.0
21.0,1.0,1.0,14.0,4.0,7.461190005137468,42.0,100.0,36.0,1.0,1.0
20.0,0.0,3.0,5.0,4.0,3.8870539733518,38.0,60.0,64.0,3.0,0.0
35.0,0.0,2.0,8.0,1.0,43.2506118577888,72.0,85.0,8.0,2.0,0.0
49.0,0.0,2.0,12.0,5.0,3.9525072229135976,5.0,80.0,16.0,2.0,0.0
31.0,0.0,3.0,14.0,2.0,14.583209568182774,82.0,86.0,64.0,1.0,1.0
24.0,1.0,3.0,4.0,4.0,6.187817176792819,47.0,99.0,2.0,1.0,1.0
24.0,0.0,2.0,6.0,2.0,15.771101815688247,6.0,48.0,25.0,1.0,0.0
46.0,1.0,2.0,12.0,1.0,5.527973380046024,79.0,72.0,52.0,1.0,1.0
42.0,0.0,2.0,15.0,5.0,34.4001625371507,68.0,51.0,30.0,2.0,0.0
28.0,0.0,2.0,13.0,1.0,7.666340817128757,15.0,1.0,25.0,2.0,0.0
28.0,0.0,2.0,3.0,2.0,43.59229629194439,0.0,95.0,22.0,2.0,0.0
22.0,1.0,3.0,14.0,5.0,41.85955253633205,36.0,49.0,29.0,1.0,1.0
38.0,0.0,3.0,15.0,5.0,1.683084273530471,82.0,85.0,9.0,3.0,1.0
35.0,1.0,3.0,6.0,1.0,45.78631777575573,36.0,42.0,71.0,2.0,0.0
35.0,1.0,1.0,12.0,4.0,2.447215837168353,80.0,76.0,88.0,1.0,1.0
22.0,0.0,3.0,0.0,2.0,12.98228924787783,63.0,7.0,63.0,2.0,0.0
39.0,0.0,3.0,6.0,3.0,2.619456888799753,89.0,58.0,21.0,1.0,1.0
43.0,0.0,2.0,7.0,3.0,17.792174351965798,85.0,64.0,14.0,1.0,1.0
41.0,1.0,3.0,4.0,1.0,26.69332628566358,61.0,80.0,55.0,2.0,0.0
43.0,0.0,3.0,1.0,2.0,40.832243450756906,71.0,11.0,73.0,2.0,0.0
20.0,1.0,2.0,4.0,2.0,17.89907752349181,60.0,3.0,19.0,3.0,0.0
43.0,1.0,2.0,5.0,1.0,36.27450123365583,32.0,76.0,46.0,2.0,0.0
39.0,0.0,1.0,11.0,2.0,10.375222855949016,65.0,94.0,86.0,3.0,0.0
30.0,0.0,2.0,1.0,4.0,38.52992283720632,29.0,40.0,52.0,3.0,0.0
36.0,1.0,2.0,13.0,1.0,12.799830295461875,19.0,6.0,52.0,3.0,0.0
27.0,1.0,3.0,5.0,4.0,8.177237797188397,59.0,86.0,0.0,2.0,0.0
23.0,1.0,2.0,5.0,2.0,10.270442518702716,81.0,87.0,1.0,1.0,1.0
25.0,0.0,1.0,0.0,1.0,10.10315644409277,73.0,68.0,57.0,1.0,1.0
27.0,1.0,2.0,13.0,2.0,26.64314396884956,23.0,68.0,18.0,2.0,0.0
39.0,0.0,1.0,0.0,1.0,43.2398790594073,3.0,80.0,61.0,2.0,0.0
49.0,1.0,1.0,13.0,2.0,4.9802538496252815,36.0,29.0,77.0,1.0,1.0
22.0,1.0,1.0,10.0,4.0,36.34781592467113,3.0,72.0,71.0,2.0,0.0
35.0,0.0,1.0,15.0,4.0,33.717322982642884,76.0,5.0,11.0,1.0,1.0
49.0,1.0,1.0,9.0,2.0,44.62599759146812,88.0,88.0,25.0,2.0,0.0
44.0,0.0,2.0,2.0,1.0,13.207378025345362,76.0,18.0,26.0,1.0,0.0
22.0,0.0,2.0,13.0,3.0,23.50549293425148,17.0,79.0,28.0,2.0,0.0
44.0,1.0,3.0,9.0,4.0,47.29136872217587,87.0,84.0,14.0,2.0,1.0
48.0,0.0,2.0,9.0,4.0,33.99967250676586,65.0,65.0,45.0,1.0,1.0
37.0,0.0,3.0,14.0,3.0,20.438420643079844,47.0,9.0,0.0,2.0,0.0
33.0,1.0,1.0,11.0,2.0,7.570619142763423,32.0,15.0,59.0,2.0,0.0
37.0,0.0,2.0,2.0,1.0,14.124250395029552,57.0,36.0,91.0,1.0,0.0
21.0,0.0,3.0,3.0,2.0,30.060773874469163,82.0,78.0,56.0,1.0,1.0
41.0,0.0,1.0,1.0,5.0,36.90839737802568,72.0,76.0,2.0,2.0,0.0
22.0,1.0,2.0,8.0,4.0,7.221094342594674,27.0,76.0,17.0,2.0,0.0
35.0,0.0,2.0,9.0,5.0,30.9798630022027,34.0,31.0,51.0,2.0,0.0
48.0,1.0,2.0,11.0,4.0,28.51756394193755,9.0,46.0,59.0,1.0,0.0
28.0,1.0,1.0,10.0,4.0,26.6977723345354,64.0,71.0,33.0,2.0,0.0
23.0,0.0,2.0,13.0,5.0,35.506155884100394,41.0,42.0,95.0,1.0,1.0
20.0,0.0,2.0,6.0,5.0,42.87247975417309,84.0,81.0,92.0,3.0,1.0
23.0,0.0,1.0,6.0,2.0,17.149484158843418,8.0,35.0,88.0,2.0,0.0
20.0,1.0,2.0,14.0,5.0,45.45060950554797,59.0,25.0,59.0,3.0,0.0
33.0,0.0,3.0,5.0,2.0,9.031680630927534,14.0,9.0,25.0,2.0,0.0
40.0,0.0,4.0,14.0,2.0,9.651193487558215,98.0,30.0,71.0,2.0,1.0
35.0,0.0,2.0,2.0,2.0,14.338603181196197,56.0,96.0,18.0,2.0,0.0
39.0,0.0,3.0,5.0,4.0,6.976543477353891,68.0,28.0,21.0,2.0,0.0
43.0,0.0,2.0,14.0,4.0,12.515961234143878,21.0,4.0,92.0,2.0,0.0
27.0,1.0,2.0,13.0,5.0,6.32058814514223,63.0,76.0,32.0,2.0,0.0
26.0,1.0,1.0,11.0,4.0,42.08762084926952,40.0,0.0,37.0,2.0,0.0
22.0,0.0,3.0,7.0,5.0,7.94844959433123,86.0,86.0,34.0,2.0,1.0
36.0,0.0,2.0,7.0,4.0,38.36487787799284,70.0,2.0,66.0,2.0,0.0
20.0,0.0,2.0,10.0,1.0,3.395693395666687,55.0,66.0,82.0,3.0,0.0
35.0,0.0,1.0,12.0,1.0,48.42601637569576,22.0,70.0,9.0,2.0,0.0
31.0,1.0,3.0,8.0,5.0,36.55800437638831,24.0,99.0,90.0,2.0,1.0
46.0,0.0,3.0,14.0,4.0,1.3398274293055892,90.0,34.0,14.0,2.0,0.0
38.0,1.0,3.0,0.0,4.0,39.1928250100107,5.0,14.0,10.0,2.0,0.0
41.0,1.0,2.0,13.0,2.0,26.704096038309267,33.0,66.0,89.0,3.0,0.0
42.0,0.0,1.0,0.0,3.0,39.96825851675599,62.0,92.0,23.0,3.0,0.0
41.0,1.0,2.0,2.0,5.0,27.124840444529426,8.0,29.0,76.0,2.0,0.0
33.0,1.0,2.0,2.0,3.0,33.051242881767735,59.0,81.0,95.0,2.0,0.0
49.0,1.0,1.0,9.0,3.0,40.31658276975202,48.0,74.0,100.0,2.0,0.0
25.0,1.0,2.0,7.0,5.0,21.255402729392834,96.0,42.0,3.0,2.0,0.0
25.0,0.0,4.0,14.0,4.0,1.1354074910226044,50.0,59.0,12.0,3.0,0.0
32.0,0.0,3.0,9.0,5.0,43.497324797259424,59.0,39.0,72.0,1.0,1.0
38.0,1.0,3.0,0.0,3.0,20.04451813123313,69.0,64.0,56.0,1.0,1.0
41.0,0.0,4.0,12.0,4.0,25.802136300829154,36.0,28.0,97.0,1.0,1.0
27.0,0.0,2.0,1.0,1.0,1.3883321076984358,30.0,73.0,36.0,2.0,0.0
46.0,0.0,2.0,1.0,5.0,25.6046005175049,97.0,91.0,47.0,3.0,0.0
46.0,0.0,4.0,2.0,5.0,50.32437007858648,40.0,94.0,70.0,1.0,1.0
21.0,0.0,1.0,12.0,4.0,14.913383040938482,61.0,18.0,0.0,2.0,0.0
40.0,1.0,3.0,5.0,1.0,20.770913512118906,92.0,2.0,59.0,2.0,0.0
49.0,0.0,2.0,0.0,1.0,35.35949982343383,57.0,35.0,11.0,2.0,0.0
20.0,0.0,2.0,1.0,4.0,41.73968337618293,13.0,42.0,20.0,2.0,0.0
47.0,0.0,2.0,12.0,2.0,21.869581200305014,35.0,14.0,10.0,3.0,0.0
34.0,0.0,4.0,15.0,5.0,16.483443520064625,35.0,96.0,43.0,1.0,1.0
20.0,1.0,3.0,14.0,5.0,47.89128999925335,78.0,40.0,57.0,2.0,0.0
24.0,1.0,1.0,12.0,3.0,34.85724833358346,7.0,89.0,43.0,1.0,1.0
47.0,1.0,3.0,15.0,4.0,6.951065224657054,25.0,79.0,77.0,2.0,1.0
48.0,1.0,2.0,0.0,3.0,4.446393906732431,35.0,35.0,97.0,3.0,0.0
35.0,0.0,2.0,4.0,3.0,25.17749253951845,47.0,96.0,33.0,1.0,0.0
38.0,1.0,2.0,15.0,1.0,12.004503302363622,84.0,83.0,24.0,1.0,1.0
23.0,0.0,2.0,12.0,5.0,13.699237668812676,27.0,76.0,3.0,2.0,0.0
22.0,0.0,2.0,12.0,3.0,44.884608941392415,67.0,32.0,63.0,2.0,0.0
36.0,0.0,4.0,6.0,1.0,5.4783012158155335,61.0,4.0,89.0,2.0,0.0
36.0,0.0,3.0,15.0,4.0,36.76820576144448,79.0,100.0,15.0,1.0,1.0
31.0,0.0,2.0,7.0,3.0,14.557112669029404,85.0,77.0,9.0,1.0,1.0
47.0,1.0,1.0,9.0,5.0,39.016411070206885,75.0,90.0,65.0,2.0,1.0
49.0,1.0,4.0,0.0,3.0,37.12056922317723,79.0,86.0,34.0,1.0,1.0
48.0,1.0,4.0,6.0,4.0,1.3695950722146513,50.0,13.0,82.0,3.0,0.0
33.0,1.0,3.0,12.0,3.0,26.45677064607996,41.0,67.0,5.0,1.0,1.0
40.0,0.0,1.0,4.0,5.0,7.965974118902318,100.0,82.0,18.0,2.0,0.0
25.0,1.0,1.0,9.0,1.0,44.31135152893384,28.0,46.0,58.0,1.0,0.0
22.0,0.0,2.0,0.0,5.0,44.57929414312033,81.0,53.0,52.0,1.0,1.0
47.0,1.0,1.0,2.0,1.0,21.9172903746879,9.0,3.0,7.0,2.0,0.0
28.0,0.0,2.0,6.0,2.0,23.219780922554023,38.0,93.0,77.0,2.0,0.0
24.0,0.0,4.0,9.0,5.0,16.164146970226355,81.0,82.0,9.0,1.0,1.0
43.0,1.0,2.0,0.0,5.0,36.83031494800155,0.0,94.0,66.0,1.0,1.0
48.0,0.0,1.0,6.0,4.0,18.93306815132296,38.0,94.0,37.0,1.0,1.0
36.0,0.0,2.0,4.0,3.0,14.389623726131688,20.0,8.0,28.0,2.0,0.0
33.0,1.0,1.0,0.0,1.0,22.61155297522541,64.0,52.0,14.0,2.0,0.0
40.0,0.0,1.0,0.0,1.0,5.574375919372936,14.0,76.0,86.0,1.0,1.0
50.0,1.0,2.0,13.0,4.0,38.33016023221019,3.0,77.0,22.0,2.0,0.0
22.0,1.0,2.0,0.0,4.0,1.629820063589348,59.0,59.0,81.0,2.0,0.0
47.0,1.0,3.0,10.0,3.0,33.2242530760297,60.0,45.0,45.0,3.0,0.0
20.0,0.0,4.0,8.0,3.0,10.14322633774362,19.0,53.0,82.0,3.0,1.0
39.0,0.0,2.0,10.0,5.0,12.620202310720655,9.0,73.0,27.0,2.0,0.0
50.0,0.0,2.0,12.0,2.0,32.781599932002,86.0,94.0,25.0,1.0,1.0
48.0,1.0,3.0,2.0,3.0,50.64717328914536,33.0,36.0,9.0,1.0,0.0
40.0,0.0,2.0,14.0,4.0,39.88587445362754,47.0,22.0,46.0,2.0,0.0
42.0,1.0,1.0,12.0,3.0,12.2919816111696,32.0,26.0,3.0,3.0,0.0
20.0,1.0,3.0,4.0,1.0,9.80123775205669,97.0,69.0,54.0,2.0,0.0
22.0,0.0,1.0,10.0,2.0,44.31164351338352,60.0,89.0,65.0,2.0,0.0
37.0,1.0,2.0,15.0,5.0,23.20919739607521,9.0,65.0,66.0,2.0,0.0
44.0,0.0,2.0,9.0,1.0,7.852640141407773,53.0,60.0,6.0,2.0,0.0
29.0,0.0,2.0,11.0,1.0,44.1105711660969,83.0,76.0,54.0,1.0,1.0
50.0,0.0,2.0,15.0,2.0,41.80461764571307,64.0,50.0,79.0,2.0,0.0
41.0,0.0,3.0,8.0,5.0,50.19531819485818,76.0,49.0,30.0,1.0,1.0
45.0,0.0,1.0,5.0,4.0,46.4871843356342,0.0,18.0,73.0,1.0,0.0
22.0,1.0,2.0,11.0,5.0,43.589516933027085,4.0,0.0,18.0,2.0,0.0
27.0,1.0,3.0,8.0,3.0,3.628719890550157,79.0,39.0,27.0,1.0,1.0
33.0,1.0,2.0,7.0,1.0,6.220768474905901,14.0,31.0,80.0,1.0,1.0
43.0,0.0,1.0,7.0,3.0,29.44915971520614,27.0,21.0,27.0,1.0,0.0
37.0,0.0,3.0,0.0,4.0,27.573962314091045,94.0,92.0,18.0,3.0,0.0
34.0,0.0,2.0,12.0,3.0,23.89816072447677,22.0,65.0,100.0,2.0,0.0
41.0,1.0,3.0,8.0,5.0,20.83946627072921,16.0,39.0,86.0,1.0,1.0
42.0,0.0,3.0,5.0,3.0,22.560524243216445,97.0,37.0,19.0,2.0,0.0
21.0,1.0,2.0,15.0,4.0,29.46489670673976,12.0,47.0,12.0,1.0,0.0
50.0,1.0,2.0,8.0,4.0,1.1038258800040603,13.0,54.0,76.0,2.0,0.0
46.0,0.0,4.0,2.0,4.0,14.03543870664261,10.0,74.0,42.0,2.0,0.0
29.0,0.0,1.0,11.0,5.0,26.913986034435556,27.0,80.0,10.0,3.0,0.0
21.0,1.0,3.0,2.0,4.0,37.11080493368231,41.0,54.0,47.0,2.0,0.0
45.0,0.0,1.0,5.0,1.0,9.707834619769816,95.0,50.0,14.0,3.0,0.0
36.0,1.0,2.0,8.0,4.0,28.344058689371646,98.0,59.0,16.0,3.0,0.0
27.0,0.0,2.0,6.0,3.0,36.72298419428909,60.0,7.0,53.0,3.0,0.0
20.0,0.0,4.0,13.0,3.0,23.231382895695237,63.0,85.0,49.0,2.0,0.0
28.0,1.0,4.0,12.0,3.0,2.3540566835025523,30.0,67.0,27.0,2.0,0.0
30.0,0.0,1.0,2.0,5.0,23.463407923281835,80.0,74.0,82.0,2.0,0.0
41.0,1.0,1.0,2.0,3.0,15.822244387207656,72.0,71.0,3.0,1.0,1.0
35.0,0.0,3.0,1.0,5.0,47.48248038506642,9.0,8.0,21.0,1.0,0.0
26.0,1.0,2.0,8.0,5.0,7.230669283916368,7.0,89.0,85.0,2.0,0.0
48.0,1.0,1.0,12.0,4.0,33.62379777536161,20.0,1.0,100.0,2.0,0.0
29.0,0.0,2.0,14.0,1.0,3.6359883167250575,76.0,79.0,38.0,3.0,0.0
42.0,1.0,2.0,2.0,4.0,23.308521890634825,58.0,94.0,33.0,1.0,0.0
45.0,0.0,4.0,10.0,4.0,28.69897436100403,49.0,69.0,96.0,1.0,1.0
22.0,0.0,2.0,4.0,5.0,15.897746565843272,68.0,84.0,43.0,2.0,0.0
37.0,0.0,2.0,13.0,5.0,23.75378177601922,69.0,89.0,41.0,2.0,0.0
44.0,1.0,2.0,13.0,3.0,9.177689726509367,29.0,58.0,39.0,1.0,1.0
43.0,1.0,3.0,8.0,3.0,16.206192473401806,94.0,18.0,96.0,3.0,1.0
32.0,0.0,2.0,7.0,4.0,32.05531624551016,16.0,27.0,11.0,2.0,0.0
47.0,0.0,2.0,1.0,2.0,16.090002793057756,74.0,71.0,1.0,2.0,0.0
45.0,1.0,2.0,2.0,2.0,45.98715392044358,19.0,13.0,27.0,3.0,0.0
26.0,0.0,3.0,15.0,3.0,32.420347882049484,47.0,23.0,73.0,2.0,0.0
44.0,0.0,2.0,15.0,2.0,22.932450921799223,72.0,43.0,85.0,2.0,0.0
23.0,1.0,1.0,1.0,3.0,2.9378467777091237,1.0,100.0,80.0,3.0,0.0
32.0,0.0,2.0,15.0,5.0,25.977416760233563,36.0,55.0,89.0,1.0,1.0
39.0,1.0,2.0,7.0,4.0,39.23881210625446,0.0,89.0,66.0,2.0,0.0
20.0,0.0,1.0,5.0,1.0,14.277879900620682,3.0,94.0,70.0,1.0,1.0
27.0,1.0,3.0,5.0,4.0,41.33867848243837,99.0,50.0,71.0,1.0,1.0
33.0,0.0,2.0,11.0,3.0,13.590338302544074,53.0,31.0,83.0,3.0,0.0
35.0,0.0,3.0,14.0,3.0,42.18731939754002,24.0,49.0,75.0,2.0,0.0
33.0,1.0,2.0,8.0,4.0,5.26341708058387,2.0,40.0,98.0,2.0,0.0
31.0,0.0,3.0,7.0,3.0,44.30918544345148,8.0,65.0,80.0,3.0,1.0
38.0,1.0,1.0,3.0,2.0,25.959322546666524,85.0,24.0,91.0,3.0,0.0
42.0,0.0,2.0,14.0,2.0,15.8268794810131,86.0,60.0,9.0,3.0,0.0
34.0,1.0,4.0,11.0,3.0,14.255662520757438,75.0,65.0,85.0,2.0,1.0
47.0,1.0,3.0,3.0,3.0,22.60052794651813,73.0,41.0,56.0,2.0,0.0
21.0,1.0,2.0,8.0,2.0,50.95247490518225,33.0,64.0,96.0,1.0,1.0
21.0,1.0,2.0,0.0,3.0,12.016369671879128,42.0,35.0,85.0,2.0,0.0
42.0,0.0,3.0,12.0,3.0,6.160832443949981,73.0,75.0,36.0,2.0,1.0
50.0,0.0,2.0,1.0,4.0,30.25175843593309,93.0,8.0,76.0,2.0,0.0
41.0,1.0,3.0,1.0,1.0,25.427123322012857,21.0,35.0,90.0,2.0,0.0
38.0,1.0,3.0,12.0,2.0,27.209813553165368,69.0,91.0,63.0,3.0,1.0
44.0,1.0,1.0,12.0,4.0,34.346770877860855,1.0,37.0,78.0,2.0,0.0
45.0,0.0,1.0,5.0,1.0,14.357203493532468,93.0,32.0,85.0,2.0,0.0
50.0,0.0,2.0,14.0,3.0,46.53324976919442,65.0,41.0,93.0,2.0,0.0
49.0,0.0,1.0,3.0,3.0,22.78360330611452,31.0,60.0,39.0,1.0,0.0
48.0,0.0,2.0,15.0,4.0,7.454309757123089,15.0,45.0,100.0,1.0,1.0
41.0,1.0,4.0,12.0,3.0,38.114937836697216,75.0,85.0,97.0,2.0,1.0
45.0,1.0,2.0,10.0,5.0,33.15521763089252,0.0,88.0,59.0,1.0,1.0
45.0,1.0,3.0,9.0,4.0,16.787170124201854,71.0,60.0,97.0,2.0,1.0
41.0,0.0,2.0,12.0,1.0,32.075936201702426,47.0,17.0,47.0,2.0,0.0
36.0,0.0,2.0,2.0,4.0,11.993097818448843,49.0,69.0,98.0,1.0,1.0
39.0,0.0,1.0,2.0,2.0,23.24196796702648,12.0,81.0,18.0,1.0,0.0
29.0,1.0,2.0,2.0,4.0,45.97062610836626,14.0,79.0,71.0,2.0,0.0
25.0,1.0,2.0,5.0,3.0,7.676711658037471,52.0,14.0,32.0,2.0,0.0
34.0,0.0,2.0,13.0,3.0,20.3348224993731,43.0,47.0,43.0,2.0,0.0
41.0,1.0,3.0,15.0,5.0,42.057121236017366,7.0,71.0,91.0,2.0,1.0
30.0,0.0,2.0,7.0,5.0,49.474544970308905,73.0,12.0,36.0,2.0,0.0
47.0,0.0,2.0,10.0,5.0,23.696306821089795,45.0,42.0,88.0,3.0,0.0
24.0,1.0,2.0,6.0,1.0,26.34998100716737,68.0,59.0,35.0,2.0,0.0
20.0,0.0,1.0,13.0,5.0,29.608598089188487,18.0,56.0,80.0,3.0,0.0
27.0,1.0,2.0,3.0,1.0,47.61740708168554,37.0,70.0,87.0,1.0,1.0
40.0,0.0,1.0,10.0,5.0,43.91033954885149,10.0,16.0,20.0,2.0,0.0
47.0,1.0,1.0,11.0,1.0,9.530056231082217,42.0,49.0,1.0,2.0,0.0
31.0,1.0,1.0,3.0,4.0,22.83789089235375,19.0,31.0,30.0,1.0,0.0
31.0,1.0,2.0,10.0,4.0,24.200021409821318,19.0,21.0,96.0,1.0,1.0
24.0,0.0,3.0,9.0,3.0,40.45480558243784,20.0,54.0,29.0,2.0,0.0
26.0,0.0,2.0,14.0,1.0,31.144644130271764,81.0,56.0,75.0,1.0,1.0
23.0,1.0,2.0,10.0,2.0,33.71102310145065,56.0,12.0,43.0,1.0,0.0
25.0,1.0,2.0,15.0,3.0,50.90999538328088,49.0,46.0,11.0,3.0,0.0
32.0,0.0,1.0,10.0,4.0,4.7480021735006535,73.0,86.0,50.0,3.0,0.0
39.0,0.0,3.0,13.0,1.0,12.15049117668665,97.0,61.0,48.0,2.0,1.0
49.0,0.0,2.0,10.0,5.0,21.39479686857734,25.0,53.0,23.0,2.0,0.0
34.0,1.0,2.0,1.0,2.0,18.38912015244436,29.0,28.0,23.0,3.0,0.0
22.0,0.0,2.0,13.0,4.0,2.082278067349179,72.0,21.0,59.0,2.0,0.0
42.0,0.0,1.0,15.0,3.0,5.588880323558792,30.0,64.0,10.0,1.0,1.0
27.0,1.0,2.0,0.0,1.0,35.04766457017881,41.0,28.0,12.0,3.0,0.0
39.0,0.0,2.0,8.0,2.0,44.96622316812803,67.0,47.0,90.0,2.0,0.0
35.0,0.0,3.0,11.0,1.0,26.71135056329888,60.0,4.0,71.0,2.0,0.0
32.0,0.0,1.0,14.0,5.0,27.95955397568165,60.0,34.0,73.0,2.0,0.0
37.0,1.0,2.0,11.0,3.0,13.75467164161897,69.0,73.0,71.0,2.0,0.0
47.0,1.0,2.0,1.0,1.0,39.39381818168557,77.0,82.0,63.0,3.0,0.0
29.0,1.0,1.0,12.0,4.0,38.58972936836282,67.0,100.0,19.0,2.0,0.0
49.0,1.0,2.0,7.0,3.0,30.41828446088283,89.0,70.0,71.0,3.0,1.0
38.0,1.0,3.0,14.0,4.0,11.633214325567142,16.0,45.0,72.0,3.0,0.0
36.0,1.0,3.0,15.0,1.0,5.850910911854473,18.0,34.0,70.0,2.0,0.0
43.0,1.0,2.0,8.0,3.0,4.211928792856295,50.0,44.0,77.0,2.0,0.0
50.0,0.0,3.0,3.0,4.0,30.63480333214389,69.0,12.0,27.0,2.0,0.0
38.0,0.0,4.0,7.0,5.0,42.25176595714,62.0,9.0,1.0,1.0,1.0
47.0,1.0,3.0,8.0,5.0,43.91652158904624,92.0,65.0,42.0,1.0,1.0
45.0,0.0,1.0,9.0,1.0,24.18110371717249,74.0,69.0,7.0,2.0,0.0
42.0,0.0,3.0,9.0,3.0,40.21356496533585,79.0,71.0,12.0,2.0,1.0
45.0,1.0,2.0,4.0,2.0,48.34400981705118,29.0,99.0,84.0,1.0,1.0
24.0,0.0,4.0,15.0,3.0,14.7585056244034,24.0,24.0,91.0,1.0,1.0
45.0,0.0,2.0,12.0,5.0,20.89801731903786,74.0,43.0,34.0,3.0,0.0
40.0,0.0,1.0,13.0,4.0,47.57394962983403,70.0,59.0,22.0,2.0,0.0
49.0,0.0,3.0,6.0,2.0,17.911548365864242,25.0,46.0,45.0,3.0,0.0
42.0,0.0,2.0,15.0,1.0,46.693814516089816,55.0,39.0,14.0,2.0,0.0
50.0,1.0,4.0,9.0,2.0,50.05224311272329,21.0,6.0,1.0,2.0,0.0
28.0,1.0,4.0,3.0,1.0,34.09053642872124,88.0,45.0,60.0,1.0,1.0
31.0,1.0,2.0,0.0,2.0,41.84451447520841,18.0,22.0,75.0,2.0,0.0
40.0,0.0,1.0,2.0,1.0,38.47727821105426,30.0,82.0,63.0,2.0,0.0
20.0,1.0,2.0,4.0,1.0,35.97671288077619,25.0,45.0,51.0,1.0,0.0
45.0,0.0,1.0,2.0,2.0,16.346553649061626,41.0,85.0,35.0,2.0,0.0
45.0,0.0,1.0,15.0,2.0,3.8547168953971855,40.0,12.0,66.0,2.0,0.0
20.0,0.0,3.0,11.0,1.0,18.15258662598253,99.0,20.0,68.0,2.0,1.0
34.0,0.0,2.0,12.0,5.0,34.34679926019533,22.0,0.0,66.0,2.0,0.0
21.0,1.0,2.0,10.0,2.0,6.126459911390069,46.0,18.0,46.0,2.0,0.0
49.0,1.0,4.0,6.0,3.0,1.5958991489121046,12.0,59.0,82.0,2.0,1.0
41.0,0.0,2.0,11.0,4.0,7.984618630146933,88.0,32.0,1.0,3.0,0.0
35.0,1.0,2.0,8.0,1.0,36.78679632053976,65.0,3.0,43.0,3.0,0.0
44.0,0.0,4.0,14.0,1.0,49.6396850828222,65.0,2.0,100.0,3.0,0.0
27.0,1.0,1.0,11.0,4.0,50.15323498074103,15.0,90.0,63.0,2.0,0.0
32.0,1.0,3.0,5.0,5.0,25.6989574570094,72.0,51.0,80.0,2.0,1.0
40.0,0.0,4.0,12.0,4.0,44.46761504961737,27.0,98.0,77.0,2.0,1.0
20.0,1.0,4.0,9.0,2.0,37.8413227875752,76.0,27.0,27.0,1.0,1.0
35.0,0.0,2.0,0.0,4.0,26.052011849230173,34.0,69.0,90.0,3.0,0.0
48.0,1.0,2.0,15.0,1.0,29.638026647754337,40.0,69.0,53.0,2.0,0.0
26.0,0.0,2.0,6.0,4.0,7.861357330843553,76.0,54.0,73.0,1.0,1.0
50.0,0.0,3.0,14.0,3.0,47.8830730308296,30.0,56.0,66.0,1.0,1.0
24.0,1.0,3.0,2.0,2.0,18.59648853658884,84.0,86.0,35.0,3.0,0.0
41.0,1.0,2.0,4.0,4.0,23.30746282285848,31.0,96.0,62.0,1.0,1.0
48.0,0.0,2.0,15.0,1.0,34.583011549894934,53.0,15.0,24.0,1.0,0.0
42.0,1.0,1.0,9.0,2.0,17.695123576327696,97.0,23.0,85.0,2.0,0.0
22.0,1.0,1.0,3.0,1.0,13.712958049446527,71.0,68.0,47.0,1.0,1.0
31.0,0.0,3.0,9.0,5.0,32.55246966351103,58.0,40.0,38.0,3.0,0.0
45.0,0.0,2.0,4.0,3.0,2.249204114092473,40.0,76.0,46.0,2.0,0.0
35.0,1.0,4.0,4.0,5.0,37.03625560133394,65.0,46.0,93.0,2.0,0.0
38.0,0.0,3.0,5.0,3.0,26.701168493825488,95.0,75.0,20.0,3.0,0.0
24.0,0.0,1.0,13.0,4.0,31.28768652604672,53.0,68.0,29.0,2.0,0.0
41.0,0.0,2.0,9.0,2.0,32.59400796234426,39.0,100.0,91.0,2.0,0.0
44.0,1.0,2.0,11.0,4.0,27.352507824628184,27.0,30.0,30.0,2.0,0.0
48.0,1.0,2.0,9.0,3.0,30.1266888720368,36.0,91.0,25.0,2.0,0.0
33.0,0.0,3.0,12.0,3.0,35.18941004449373,64.0,91.0,21.0,2.0,0.0
47.0,1.0,3.0,12.0,3.0,38.65594235898371,73.0,29.0,20.0,2.0,0.0
24.0,0.0,3.0,10.0,1.0,37.37261956430603,54.0,17.0,0.0,3.0,0.0
34.0,1.0,2.0,5.0,2.0,44.48082288661308,3.0,43.0,36.0,2.0,0.0
36.0,0.0,1.0,15.0,4.0,10.472171658370138,98.0,26.0,76.0,3.0,0.0
49.0,0.0,3.0,7.0,4.0,21.05739847458988,9.0,98.0,84.0,2.0,1.0
33.0,1.0,1.0,7.0,5.0,48.38980330072285,46.0,25.0,45.0,2.0,0.0
49.0,0.0,2.0,10.0,3.0,20.829528719316485,74.0,59.0,8.0,3.0,0.0
39.0,1.0,1.0,8.0,3.0,7.243503845296133,13.0,17.0,16.0,1.0,0.0
24.0,1.0,2.0,7.0,3.0,27.272256318108976,37.0,96.0,46.0,2.0,0.0
31.0,0.0,1.0,12.0,4.0,6.474548627723108,11.0,88.0,84.0,2.0,0.0
35.0,0.0,2.0,10.0,5.0,11.14266193639326,44.0,55.0,94.0,2.0,0.0
45.0,1.0,4.0,1.0,1.0,50.91593782854783,16.0,30.0,58.0,1.0,0.0
45.0,0.0,1.0,13.0,2.0,28.0681319198066,79.0,100.0,53.0,2.0,0.0
35.0,0.0,1.0,13.0,1.0,15.202919452021453,34.0,58.0,85.0,2.0,0.0
40.0,0.0,2.0,11.0,4.0,50.7387477286953,65.0,1.0,11.0,2.0,0.0
26.0,0.0,3.0,9.0,3.0,49.32794592775716,74.0,96.0,63.0,3.0,1.0
23.0,0.0,2.0,11.0,2.0,23.036952054213177,40.0,38.0,5.0,3.0,0.0
20.0,1.0,2.0,10.0,4.0,14.02015543939542,66.0,60.0,52.0,2.0,0.0
49.0,1.0,1.0,14.0,4.0,42.9199819046095,28.0,62.0,15.0,3.0,0.0
49.0,0.0,3.0,15.0,4.0,36.78103584858929,17.0,95.0,89.0,2.0,1.0
24.0,0.0,2.0,0.0,2.0,35.34707175017552,19.0,17.0,4.0,2.0,0.0
42.0,0.0,3.0,9.0,2.0,45.655687066123626,13.0,16.0,72.0,2.0,0.0
45.0,1.0,4.0,1.0,5.0,35.47085669356623,33.0,97.0,45.0,2.0,0.0
29.0,0.0,2.0,1.0,5.0,15.189897152077457,48.0,38.0,13.0,1.0,0.0
41.0,1.0,3.0,11.0,1.0,35.693158093786614,53.0,70.0,43.0,2.0,0.0
24.0,1.0,1.0,2.0,2.0,16.290675564183196,30.0,53.0,62.0,2.0,0.0
23.0,1.0,3.0,9.0,2.0,38.96194898284976,57.0,98.0,93.0,2.0,1.0
21.0,0.0,2.0,6.0,2.0,31.9873927245783,41.0,93.0,51.0,3.0,0.0
39.0,1.0,3.0,1.0,5.0,4.870577599237529,57.0,75.0,25.0,2.0,0.0
50.0,0.0,1.0,13.0,4.0,26.641768121757103,81.0,34.0,52.0,1.0,1.0
29.0,1.0,1.0,15.0,3.0,18.165048459787048,29.0,10.0,28.0,2.0,0.0
45.0,0.0,2.0,0.0,5.0,17.428531636614714,24.0,60.0,18.0,2.0,0.0
38.0,1.0,2.0,15.0,2.0,31.112815118862866,62.0,43.0,46.0,2.0,0.0
45.0,0.0,2.0,13.0,5.0,17.116241223471246,18.0,67.0,7.0,1.0,1.0
20.0,1.0,2.0,5.0,1.0,39.84468741024364,71.0,24.0,22.0,2.0,0.0
43.0,0.0,1.0,8.0,2.0,4.539571800558722,91.0,47.0,34.0,3.0,0.0
24.0,0.0,2.0,14.0,1.0,34.019412619791275,7.0,31.0,94.0,2.0,0.0
32.0,0.0,3.0,2.0,2.0,41.45974018283706,94.0,83.0,52.0,3.0,0.0
23.0,0.0,2.0,5.0,5.0,34.6415844960215,2.0,94.0,98.0,3.0,0.0
35.0,1.0,1.0,2.0,4.0,25.86145975099979,66.0,3.0,95.0,1.0,0.0
43.0,1.0,2.0,13.0,3.0,48.51535068680906,85.0,37.0,57.0,2.0,0.0
35.0,0.0,1.0,12.0,1.0,15.99692448990318,80.0,62.0,4.0,2.0,0.0
42.0,1.0,4.0,0.0,5.0,1.958394376248889,99.0,46.0,15.0,1.0,1.0
21.0,0.0,1.0,13.0,4.0,22.599468573172043,16.0,0.0,16.0,2.0,0.0
36.0,0.0,3.0,12.0,5.0,2.6505967950163623,13.0,2.0,31.0,2.0,0.0
47.0,1.0,4.0,15.0,1.0,48.69683762632044,8.0,100.0,95.0,1.0,1.0
46.0,0.0,3.0,11.0,3.0,11.495902287402576,61.0,85.0,51.0,3.0,0.0
39.0,0.0,2.0,4.0,5.0,40.44635119744397,93.0,61.0,19.0,2.0,0.0
43.0,1.0,3.0,9.0,2.0,39.72860415871824,20.0,63.0,65.0,3.0,1.0
31.0,0.0,4.0,13.0,4.0,11.886444984146676,75.0,16.0,83.0,2.0,1.0
37.0,0.0,2.0,12.0,5.0,32.061326524008365,36.0,77.0,81.0,3.0,0.0
22.0,0.0,2.0,10.0,4.0,3.4039484243225107,95.0,61.0,0.0,2.0,0.0
47.0,0.0,2.0,3.0,2.0,25.178729285193373,10.0,34.0,57.0,1.0,0.0
20.0,1.0,2.0,6.0,3.0,1.7323563636243369,19.0,12.0,92.0,2.0,0.0
20.0,1.0,2.0,5.0,3.0,47.05719400904209,34.0,34.0,92.0,2.0,0.0
48.0,1.0,2.0,9.0,2.0,49.80430120997858,52.0,42.0,82.0,2.0,0.0
38.0,0.0,2.0,6.0,4.0,12.114138331929263,46.0,1.0,43.0,2.0,0.0
30.0,0.0,1.0,4.0,5.0,11.40530172981864,74.0,55.0,5.0,1.0,1.0
24.0,1.0,1.0,14.0,2.0,38.68600882810648,51.0,76.0,49.0,2.0,0.0
31.0,0.0,2.0,14.0,1.0,13.668969941466724,7.0,50.0,71.0,2.0,0.0
22.0,0.0,1.0,3.0,4.0,45.75382795809225,3.0,53.0,87.0,2.0,0.0
20.0,0.0,2.0,15.0,3.0,29.69645680614911,26.0,15.0,19.0,2.0,0.0
20.0,0.0,2.0,6.0,2.0,18.538881150515607,43.0,17.0,13.0,3.0,0.0
27.0,1.0,3.0,6.0,3.0,42.634687317471005,39.0,6.0,4.0,2.0,0.0
29.0,1.0,1.0,5.0,4.0,25.67033502066976,46.0,44.0,40.0,2.0,0.0
30.0,1.0,2.0,7.0,3.0,46.58164568542378,93.0,35.0,39.0,3.0,0.0
31.0,0.0,3.0,3.0,2.0,47.40071183646905,43.0,40.0,33.0,2.0,0.0
48.0,1.0,2.0,9.0,4.0,9.271007606420469,47.0,93.0,79.0,1.0,1.0
32.0,1.0,1.0,4.0,1.0,1.1161703065965136,90.0,41.0,44.0,1.0,0.0
31.0,0.0,3.0,3.0,2.0,50.19654700712011,84.0,6.0,70.0,2.0,0.0
50.0,0.0,3.0,11.0,5.0,46.30687680637397,51.0,14.0,79.0,1.0,1.0
33.0,1.0,2.0,0.0,2.0,3.772261785192071,83.0,59.0,70.0,2.0,0.0
21.0,1.0,2.0,11.0,4.0,42.651713197053496,67.0,39.0,26.0,1.0,0.0
48.0,1.0,4.0,7.0,2.0,23.89024662796033,10.0,82.0,77.0,1.0,1.0
38.0,1.0,2.0,0.0,1.0,13.94808025124876,76.0,36.0,77.0,2.0,0.0
37.0,0.0,2.0,4.0,1.0,44.937326183846494,72.0,65.0,43.0,3.0,0.0
22.0,1.0,3.0,14.0,5.0,10.833361619515363,3.0,54.0,32.0,2.0,0.0
42.0,1.0,2.0,5.0,3.0,48.36499997100335,75.0,76.0,32.0,3.0,0.0
36.0,0.0,2.0,5.0,4.0,11.281074384967054,72.0,94.0,43.0,3.0,0.0
45.0,1.0,2.0,12.0,4.0,31.684159386437177,76.0,79.0,19.0,1.0,1.0
27.0,0.0,3.0,4.0,3.0,12.154316726448744,47.0,55.0,35.0,2.0,0.0
48.0,0.0,2.0,15.0,1.0,28.283433248431734,25.0,43.0,6.0,2.0,0.0
45.0,0.0,2.0,2.0,1.0,35.19875649575707,76.0,56.0,31.0,3.0,0.0
29.0,1.0,2.0,14.0,2.0,10.511396541006878,38.0,5.0,66.0,2.0,0.0
45.0,1.0,2.0,4.0,5.0,27.04428913503396,91.0,91.0,38.0,3.0,0.0
49.0,0.0,2.0,11.0,5.0,24.45298721950595,57.0,31.0,92.0,1.0,1.0
21.0,1.0,3.0,7.0,5.0,4.551871070167062,18.0,73.0,23.0,1.0,1.0
38.0,1.0,2.0,13.0,2.0,41.91539088376515,87.0,17.0,85.0,2.0,0.0
28.0,0.0,1.0,1.0,5.0,17.784120032142084,82.0,67.0,69.0,2.0,0.0
26.0,0.0,3.0,15.0,3.0,29.729109877593977,76.0,72.0,87.0,1.0,1.0
23.0,1.0,1.0,5.0,2.0,26.73921174665672,76.0,6.0,86.0,2.0,0.0
45.0,0.0,4.0,8.0,3.0,26.663025228522116,57.0,7.0,53.0,1.0,1.0
40.0,1.0,1.0,7.0,2.0,6.361119710424372,27.0,63.0,37.0,2.0,0.0
37.0,1.0,2.0,13.0,5.0,22.17410046246664,65.0,6.0,73.0,3.0,0.0
32.0,1.0,1.0,10.0,3.0,23.61833796032851,9.0,40.0,79.0,3.0,0.0
30.0,1.0,4.0,7.0,3.0,37.68214201822242,85.0,39.0,74.0,2.0,1.0
48.0,0.0,2.0,7.0,3.0,43.00094159603493,76.0,2.0,31.0,2.0,0.0
43.0,0.0,1.0,14.0,2.0,28.2491139050009,57.0,16.0,44.0,2.0,0.0
23.0,0.0,2.0,12.0,4.0,5.339147703249524,72.0,65.0,60.0,1.0,1.0
44.0,0.0,1.0,6.0,5.0,12.842473529827313,96.0,78.0,69.0,2.0,1.0
40.0,1.0,1.0,7.0,3.0,9.246701342636554,13.0,92.0,87.0,1.0,1.0
48.0,1.0,4.0,12.0,4.0,7.230753159456237,83.0,51.0,96.0,3.0,1.0
44.0,0.0,2.0,5.0,5.0,19.29496493089038,14.0,21.0,52.0,3.0,0.0
23.0,1.0,3.0,1.0,5.0,12.469675107719102,95.0,3.0,50.0,2.0,0.0
29.0,1.0,2.0,1.0,3.0,11.915155590575615,32.0,5.0,75.0,2.0,0.0
24.0,1.0,2.0,7.0,3.0,3.734658728813383,16.0,37.0,55.0,1.0,0.0
28.0,0.0,1.0,10.0,2.0,1.883502239771694,23.0,25.0,26.0,2.0,0.0
43.0,0.0,2.0,0.0,4.0,6.13841213248909,29.0,10.0,37.0,2.0,0.0
22.0,0.0,3.0,5.0,4.0,9.609873971181653,61.0,89.0,61.0,2.0,0.0
36.0,1.0,4.0,12.0,3.0,22.54918644241016,12.0,16.0,17.0,1.0,1.0
22.0,0.0,2.0,15.0,5.0,26.526013064942237,61.0,87.0,63.0,3.0,0.0
35.0,0.0,2.0,5.0,3.0,8.029595908668279,46.0,91.0,76.0,2.0,0.0
23.0,0.0,2.0,15.0,5.0,22.239167076209316,15.0,98.0,29.0,3.0,0.0
37.0,0.0,4.0,10.0,5.0,18.08744211629637,65.0,30.0,48.0,3.0,0.0
36.0,0.0,2.0,3.0,3.0,10.1711821748978,80.0,76.0,40.0,3.0,0.0
26.0,0.0,2.0,11.0,1.0,1.3420374074181776,95.0,34.0,12.0,1.0,1.0
43.0,1.0,3.0,10.0,4.0,24.350893326087085,42.0,15.0,33.0,1.0,1.0
42.0,1.0,1.0,12.0,5.0,35.282587463259965,7.0,78.0,99.0,2.0,0.0
49.0,0.0,1.0,14.0,5.0,12.313866707190352,2.0,17.0,93.0,1.0,1.0
24.0,0.0,2.0,10.0,1.0,7.590341494833968,11.0,100.0,24.0,2.0,0.0
31.0,1.0,4.0,15.0,2.0,45.35213722234809,83.0,61.0,65.0,2.0,1.0
36.0,1.0,2.0,12.0,1.0,14.751238624389888,15.0,26.0,99.0,2.0,0.0
42.0,0.0,2.0,9.0,1.0,12.180630989633238,77.0,34.0,17.0,1.0,1.0
32.0,0.0,2.0,2.0,5.0,43.85484698049579,79.0,44.0,4.0,3.0,0.0
42.0,0.0,2.0,12.0,4.0,41.85535495833806,58.0,34.0,18.0,1.0,0.0
44.0,0.0,2.0,10.0,1.0,23.41732352623168,48.0,27.0,41.0,2.0,0.0
22.0,1.0,2.0,2.0,2.0,25.461943071388724,62.0,8.0,17.0,2.0,0.0
28.0,0.0,2.0,14.0,3.0,11.887435241701098,61.0,75.0,31.0,2.0,0.0
49.0,0.0,2.0,14.0,1.0,4.9150835239778745,48.0,14.0,20.0,2.0,0.0
36.0,0.0,2.0,15.0,1.0,29.67159126778305,50.0,20.0,9.0,1.0,0.0
36.0,0.0,2.0,12.0,2.0,5.917246079510656,32.0,51.0,36.0,2.0,0.0
49.0,1.0,3.0,12.0,4.0,23.46372734783249,29.0,34.0,48.0,1.0,1.0
39.0,1.0,1.0,0.0,1.0,48.02485992565054,58.0,96.0,85.0,1.0,1.0
35.0,1.0,3.0,2.0,1.0,48.64171945852922,75.0,50.0,12.0,2.0,0.0
44.0,0.0,3.0,3.0,4.0,12.96661432736793,14.0,82.0,54.0,2.0,0.0
41.0,0.0,2.0,10.0,2.0,32.20567100228272,81.0,54.0,16.0,2.0,0.0
32.0,1.0,2.0,10.0,1.0,24.703813205392883,91.0,86.0,8.0,2.0,0.0
46.0,0.0,2.0,4.0,4.0,44.7842563793053,22.0,76.0,87.0,3.0,0.0
38.0,0.0,2.0,2.0,1.0,14.57154321380266,77.0,43.0,43.0,3.0,0.0
36.0,1.0,2.0,5.0,3.0,1.1851203416208425,93.0,64.0,77.0,2.0,0.0
23.0,1.0,1.0,10.0,5.0,9.128060296570755,96.0,92.0,45.0,1.0,1.0
31.0,1.0,2.0,13.0,3.0,18.476140058469905,44.0,87.0,7.0,2.0,0.0
48.0,1.0,3.0,14.0,1.0,16.78605648852443,61.0,79.0,36.0,1.0,1.0
28.0,0.0,2.0,11.0,2.0,40.5681459561443,78.0,24.0,18.0,2.0,0.0
38.0,0.0,3.0,15.0,5.0,35.02803330694189,70.0,86.0,62.0,2.0,1.0
31.0,1.0,2.0,4.0,3.0,15.977815980744865,14.0,91.0,91.0,2.0,0.0
28.0,0.0,3.0,2.0,4.0,23.887190858310667,45.0,46.0,45.0,2.0,0.0
26.0,1.0,2.0,5.0,2.0,5.777955197916761,63.0,79.0,93.0,1.0,1.0
47.0,1.0,1.0,5.0,3.0,45.90732224100504,45.0,55.0,70.0,2.0,0.0
33.0,0.0,2.0,14.0,4.0,47.77124122242671,55.0,37.0,25.0,2.0,0.0
50.0,1.0,1.0,13.0,1.0,49.9901767690469,43.0,10.0,45.0,2.0,0.0
39.0,0.0,2.0,7.0,4.0,44.42764153929188,74.0,66.0,45.0,2.0,0.0
38.0,0.0,4.0,1.0,3.0,9.698044384811276,28.0,14.0,74.0,2.0,0.0
45.0,0.0,1.0,0.0,3.0,3.3098241600814418,94.0,0.0,13.0,2.0,0.0
34.0,0.0,2.0,15.0,1.0,29.9798363706337,61.0,6.0,84.0,2.0,0.0
35.0,1.0,3.0,3.0,4.0,46.63025134415552,88.0,0.0,62.0,1.0,1.0
40.0,0.0,3.0,15.0,4.0,9.867568082987145,51.0,48.0,71.0,1.0,1.0
24.0,1.0,2.0,6.0,1.0,1.352145731207093,53.0,95.0,2.0,2.0,0.0
22.0,1.0,2.0,14.0,4.0,41.27480230161222,87.0,72.0,27.0,1.0,1.0
31.0,1.0,2.0,15.0,1.0,4.8397842143367,56.0,28.0,28.0,2.0,0.0
44.0,1.0,2.0,10.0,2.0,21.68530159550152,82.0,25.0,86.0,2.0,0.0
39.0,0.0,3.0,9.0,3.0,34.94436685943925,65.0,86.0,17.0,3.0,0.0
46.0,0.0,4.0,2.0,2.0,12.839879272809007,21.0,44.0,34.0,3.0,0.0
40.0,1.0,3.0,2.0,5.0,5.198128172336335,19.0,92.0,76.0,1.0,1.0
23.0,1.0,3.0,15.0,5.0,39.50106142279143,32.0,96.0,75.0,3.0,1.0
40.0,0.0,1.0,4.0,5.0,32.50875424435208,71.0,70.0,46.0,2.0,0.0
42.0,1.0,3.0,4.0,1.0,50.42452422434024,24.0,11.0,4.0,2.0,0.0
35.0,0.0,3.0,12.0,4.0,18.21540166599797,45.0,94.0,74.0,1.0,1.0
44.0,1.0,1.0,9.0,2.0,4.088119314509985,72.0,31.0,58.0,3.0,0.0
26.0,0.0,3.0,2.0,2.0,37.71750176676479,97.0,19.0,74.0,1.0,1.0
32.0,1.0,2.0,8.0,2.0,27.08667094266228,56.0,50.0,58.0,3.0,0.0
40.0,1.0,2.0,3.0,2.0,11.660196569456753,86.0,80.0,46.0,1.0,1.0
29.0,0.0,3.0,12.0,5.0,40.08644945023797,4.0,35.0,94.0,2.0,0.0
45.0,1.0,2.0,12.0,2.0,11.187774292497188,54.0,66.0,94.0,2.0,0.0
26.0,1.0,1.0,14.0,4.0,14.03308274164683,60.0,0.0,12.0,1.0,0.0
33.0,0.0,2.0,2.0,5.0,5.6264277183359575,88.0,26.0,77.0,1.0,1.0
50.0,1.0,2.0,10.0,2.0,20.97161395154272,7.0,39.0,88.0,2.0,0.0
45.0,0.0,4.0,1.0,1.0,21.946461196870946,15.0,96.0,32.0,1.0,1.0
24.0,0.0,2.0,9.0,3.0,26.72808951741492,47.0,83.0,96.0,2.0,0.0
22.0,1.0,2.0,12.0,3.0,36.44821335618887,60.0,13.0,61.0,2.0,0.0
42.0,1.0,3.0,10.0,3.0,46.30504643402129,14.0,99.0,78.0,3.0,1.0
48.0,1.0,2.0,8.0,5.0,7.886704944390432,64.0,68.0,15.0,2.0,0.0
30.0,1.0,2.0,3.0,2.0,3.717404917432853,21.0,86.0,43.0,1.0,0.0
30.0,1.0,2.0,15.0,5.0,1.9265616797166645,2.0,78.0,57.0,2.0,0.0
37.0,1.0,3.0,2.0,4.0,8.181068903440814,53.0,5.0,5.0,1.0,0.0
34.0,1.0,2.0,6.0,1.0,33.897474289081295,13.0,32.0,88.0,3.0,0.0
31.0,0.0,2.0,7.0,1.0,37.37385389982483,35.0,54.0,14.0,3.0,0.0
28.0,1.0,1.0,10.0,3.0,40.32528567640611,81.0,18.0,3.0,2.0,0.0
29.0,0.0,1.0,13.0,3.0,13.185410595217132,81.0,76.0,55.0,1.0,1.0
45.0,1.0,1.0,1.0,3.0,16.294740663075995,66.0,28.0,63.0,3.0,0.0
31.0,1.0,1.0,6.0,2.0,25.156732278274973,9.0,60.0,67.0,3.0,0.0
36.0,0.0,2.0,11.0,4.0,4.159154843011325,48.0,69.0,93.0,3.0,0.0
48.0,1.0,3.0,4.0,4.0,31.557076160562307,64.0,78.0,33.0,3.0,0.0
25.0,1.0,2.0,14.0,4.0,50.18675168378789,90.0,79.0,90.0,2.0,1.0
26.0,0.0,3.0,10.0,4.0,19.040315568900127,56.0,23.0,94.0,1.0,1.0
33.0,1.0,4.0,4.0,3.0,38.6423737545692,26.0,22.0,55.0,2.0,0.0
32.0,1.0,3.0,2.0,1.0,26.0016957784804,74.0,9.0,31.0,2.0,0.0
27.0,1.0,2.0,4.0,3.0,7.390592218019137,4.0,53.0,8.0,2.0,0.0
29.0,0.0,2.0,11.0,4.0,30.11187244012932,70.0,40.0,62.0,2.0,0.0
28.0,1.0,2.0,1.0,3.0,15.993713422203248,82.0,48.0,71.0,1.0,1.0
37.0,1.0,1.0,3.0,4.0,2.720160422672912,56.0,16.0,77.0,2.0,0.0
46.0,1.0,2.0,5.0,5.0,32.74648650588719,92.0,55.0,32.0,2.0,0.0
45.0,1.0,4.0,0.0,1.0,43.94661746623638,14.0,44.0,86.0,1.0,1.0
21.0,0.0,3.0,9.0,5.0,18.23848834499371,98.0,29.0,20.0,2.0,0.0
24.0,0.0,2.0,3.0,2.0,20.51477736063853,100.0,43.0,54.0,3.0,0.0
48.0,1.0,2.0,5.0,3.0,45.55108414836057,75.0,73.0,75.0,3.0,0.0
24.0,1.0,3.0,8.0,2.0,41.680440668367794,29.0,54.0,56.0,2.0,0.0
25.0,0.0,1.0,13.0,3.0,36.74764117758885,19.0,18.0,1.0,2.0,0.0
38.0,0.0,2.0,10.0,5.0,13.439853187657397,36.0,28.0,12.0,1.0,0.0
27.0,1.0,3.0,15.0,4.0,46.51083274833223,2.0,1.0,3.0,2.0,0.0
35.0,0.0,2.0,10.0,4.0,8.72078787696065,72.0,35.0,83.0,2.0,0.0
32.0,1.0,1.0,12.0,3.0,32.33852597086109,40.0,18.0,49.0,2.0,0.0
20.0,0.0,2.0,1.0,4.0,2.440059027325935,38.0,6.0,47.0,3.0,0.0
41.0,0.0,3.0,10.0,5.0,33.18599031624729,25.0,25.0,77.0,2.0,0.0
39.0,0.0,2.0,6.0,4.0,14.857217593667992,1.0,78.0,29.0,1.0,1.0
36.0,0.0,2.0,5.0,5.0,23.483848859186,22.0,37.0,28.0,1.0,0.0
50.0,1.0,2.0,1.0,2.0,18.263227602852652,22.0,2.0,7.0,2.0,0.0
26.0,0.0,2.0,7.0,5.0,9.637837812310496,84.0,79.0,11.0,2.0,0.0
44.0,0.0,2.0,6.0,1.0,32.09903950469371,15.0,65.0,40.0,3.0,0.0
32.0,1.0,3.0,10.0,1.0,45.09877775703037,8.0,94.0,25.0,2.0,0.0
23.0,0.0,1.0,4.0,1.0,48.95421211412017,12.0,91.0,49.0,2.0,0.0
23.0,0.0,3.0,11.0,3.0,10.617318157695752,27.0,70.0,1.0,2.0,0.0
25.0,1.0,1.0,4.0,3.0,36.86863870314867,26.0,93.0,54.0,2.0,0.0
47.0,0.0,2.0,6.0,3.0,34.21696833028411,50.0,42.0,55.0,2.0,0.0
50.0,1.0,1.0,8.0,5.0,18.168889478728627,63.0,61.0,13.0,2.0,0.0
38.0,1.0,2.0,10.0,3.0,1.954959967686292,51.0,70.0,5.0,2.0,0.0
48.0,1.0,2.0,14.0,2.0,35.48956236564331,80.0,99.0,94.0,1.0,1.0
31.0,1.0,2.0,8.0,1.0,48.274743027975006,37.0,92.0,80.0,3.0,0.0
41.0,0.0,1.0,8.0,5.0,32.60600609578257,99.0,23.0,88.0,2.0,0.0
26.0,1.0,2.0,5.0,1.0,22.764636209381703,64.0,38.0,60.0,1.0,0.0
46.0,0.0,1.0,9.0,3.0,27.257694705581414,17.0,67.0,95.0,1.0,1.0
29.0,0.0,3.0,5.0,5.0,10.981440382995876,62.0,92.0,11.0,1.0,1.0
45.0,0.0,4.0,2.0,4.0,38.52720818768688,50.0,43.0,12.0,2.0,0.0
38.0,0.0,2.0,0.0,2.0,38.32099150049245,8.0,4.0,18.0,1.0,0.0
26.0,0.0,2.0,15.0,3.0,8.275865019371247,12.0,54.0,43.0,1.0,1.0
49.0,0.0,2.0,6.0,3.0,44.89891912498295,39.0,92.0,88.0,2.0,0.0
22.0,0.0,1.0,3.0,2.0,14.459486973665264,54.0,29.0,94.0,2.0,0.0
32.0,0.0,2.0,0.0,2.0,50.11280304683074,78.0,28.0,58.0,1.0,0.0
32.0,0.0,3.0,14.0,4.0,20.14515070186229,42.0,25.0,36.0,2.0,0.0
37.0,0.0,2.0,7.0,3.0,9.894202936724982,43.0,82.0,24.0,2.0,0.0
47.0,1.0,1.0,11.0,3.0,18.586005567282616,67.0,25.0,15.0,3.0,0.0
49.0,1.0,3.0,5.0,1.0,23.009016434859657,32.0,36.0,37.0,2.0,0.0
45.0,1.0,2.0,5.0,5.0,4.465388651914742,23.0,90.0,42.0,1.0,0.0
39.0,0.0,3.0,1.0,5.0,29.910919061164478,35.0,93.0,86.0,2.0,0.0
47.0,1.0,2.0,14.0,1.0,30.881621993445016,9.0,52.0,13.0,2.0,0.0
27.0,1.0,2.0,0.0,5.0,37.94652276747361,99.0,29.0,5.0,1.0,0.0
48.0,1.0,1.0,12.0,2.0,2.4584946145371647,19.0,2.0,88.0,3.0,0.0
50.0,0.0,1.0,13.0,5.0,28.061910721691508,74.0,42.0,22.0,2.0,0.0
28.0,0.0,4.0,13.0,5.0,3.6453716635332194,11.0,6.0,59.0,3.0,0.0
26.0,0.0,2.0,1.0,1.0,36.05721099833267,61.0,48.0,11.0,2.0,0.0
20.0,0.0,4.0,3.0,4.0,3.786399285049224,17.0,72.0,12.0,2.0,0.0
22.0,1.0,2.0,1.0,5.0,46.58639241708163,93.0,40.0,99.0,2.0,0.0
32.0,1.0,1.0,15.0,5.0,36.104128344224826,100.0,76.0,97.0,2.0,1.0
47.0,1.0,1.0,0.0,4.0,26.369488254257856,62.0,78.0,5.0,2.0,0.0
49.0,1.0,2.0,6.0,1.0,23.075196164058745,83.0,53.0,62.0,3.0,1.0
44.0,0.0,4.0,10.0,4.0,7.533631520663119,24.0,68.0,37.0,2.0,0.0
50.0,0.0,2.0,10.0,1.0,15.549969478233155,11.0,92.0,49.0,3.0,0.0
47.0,0.0,2.0,14.0,2.0,44.44795525104481,20.0,98.0,51.0,3.0,0.0
36.0,1.0,2.0,11.0,1.0,46.2226405781247,24.0,90.0,39.0,3.0,0.0
44.0,0.0,1.0,7.0,2.0,1.0373854185265532,10.0,26.0,7.0,2.0,0.0
43.0,0.0,2.0,5.0,2.0,30.706819573877564,63.0,7.0,60.0,2.0,0.0
20.0,1.0,1.0,3.0,1.0,36.96503045125568,72.0,31.0,7.0,1.0,0.0
25.0,1.0,3.0,13.0,3.0,31.937349122880317,49.0,83.0,96.0,2.0,1.0
40.0,0.0,2.0,5.0,1.0,5.083988243317699,61.0,63.0,33.0,1.0,0.0
25.0,0.0,2.0,2.0,5.0,11.886244939945112,88.0,9.0,78.0,1.0,1.0
45.0,0.0,2.0,11.0,5.0,13.517013369069302,98.0,12.0,99.0,1.0,1.0
31.0,0.0,2.0,7.0,3.0,42.58623156525449,95.0,62.0,59.0,3.0,0.0
32.0,0.0,4.0,9.0,2.0,24.159971815446024,48.0,92.0,56.0,3.0,0.0
32.0,0.0,2.0,13.0,3.0,25.34141059706184,13.0,34.0,98.0,2.0,0.0
48.0,1.0,1.0,12.0,5.0,47.74465232772543,0.0,60.0,45.0,2.0,0.0
34.0,1.0,2.0,12.0,3.0,32.85429444273578,80.0,53.0,21.0,2.0,0.0
40.0,1.0,1.0,1.0,1.0,45.93338507763319,24.0,7.0,86.0,2.0,0.0
35.0,0.0,1.0,4.0,3.0,23.825442767076648,58.0,28.0,39.0,2.0,0.0
41.0,1.0,4.0,0.0,2.0,8.471812925914712,71.0,94.0,44.0,2.0,0.0
40.0,0.0,3.0,5.0,1.0,47.49677970370429,68.0,40.0,54.0,2.0,0.0
30.0,0.0,4.0,1.0,4.0,23.935255783376917,4.0,29.0,50.0,2.0,0.0
47.0,1.0,2.0,3.0,5.0,10.081571093941092,98.0,85.0,85.0,2.0,0.0
24.0,0.0,2.0,5.0,5.0,16.11978701519611,18.0,20.0,4.0,2.0,0.0
23.0,0.0,1.0,9.0,3.0,3.540129484447112,22.0,75.0,94.0,3.0,0.0
22.0,1.0,2.0,10.0,1.0,24.415029572819257,8.0,10.0,12.0,1.0,0.0
38.0,1.0,3.0,7.0,4.0,43.65640859551183,93.0,1.0,27.0,2.0,0.0
39.0,1.0,2.0,11.0,1.0,47.67902280033447,49.0,49.0,83.0,2.0,0.0
44.0,0.0,3.0,7.0,5.0,47.63011037518218,15.0,40.0,96.0,1.0,1.0
37.0,1.0,3.0,10.0,1.0,7.261501281437337,32.0,65.0,79.0,2.0,1.0
34.0,1.0,1.0,5.0,4.0,20.102694125552848,1.0,97.0,61.0,1.0,1.0
28.0,0.0,2.0,3.0,3.0,2.4114379825353183,13.0,2.0,92.0,2.0,0.0
36.0,1.0,2.0,7.0,2.0,43.75826724857364,0.0,79.0,86.0,2.0,0.0
33.0,1.0,2.0,12.0,1.0,18.93778810106369,89.0,50.0,23.0,2.0,0.0
34.0,1.0,3.0,7.0,2.0,32.555851394611736,57.0,67.0,97.0,2.0,1.0
50.0,0.0,2.0,9.0,5.0,36.74492190386443,88.0,86.0,6.0,1.0,1.0
20.0,0.0,1.0,13.0,3.0,22.49223348715777,15.0,83.0,37.0,2.0,0.0
40.0,0.0,2.0,0.0,3.0,16.32211682751215,78.0,24.0,36.0,1.0,0.0
41.0,0.0,4.0,15.0,1.0,49.11064550579724,89.0,29.0,67.0,3.0,1.0
41.0,1.0,1.0,3.0,3.0,49.22441125119271,46.0,81.0,97.0,3.0,0.0
22.0,0.0,3.0,3.0,1.0,15.471818401501096,43.0,10.0,41.0,2.0,0.0
35.0,0.0,2.0,6.0,1.0,24.981254837222902,79.0,92.0,85.0,3.0,1.0
42.0,1.0,3.0,15.0,2.0,49.64220793300112,13.0,16.0,4.0,2.0,0.0
44.0,1.0,3.0,13.0,3.0,1.243420382775161,92.0,25.0,63.0,3.0,1.0
30.0,1.0,2.0,13.0,1.0,21.63391241895746,23.0,22.0,49.0,2.0,0.0
31.0,0.0,2.0,10.0,2.0,6.022877484048421,54.0,55.0,86.0,1.0,1.0
29.0,0.0,3.0,6.0,4.0,26.45789827813013,14.0,51.0,14.0,3.0,0.0
35.0,0.0,2.0,15.0,2.0,2.233497727024357,82.0,47.0,94.0,1.0,1.0
27.0,1.0,3.0,12.0,2.0,21.344921569531397,71.0,19.0,72.0,1.0,1.0
25.0,1.0,1.0,10.0,1.0,12.034953739266756,33.0,1.0,52.0,1.0,0.0
31.0,0.0,3.0,14.0,5.0,27.66541812293704,1.0,87.0,24.0,2.0,0.0
43.0,1.0,3.0,7.0,5.0,50.79968245503498,26.0,30.0,88.0,2.0,0.0
47.0,1.0,4.0,15.0,5.0,41.02680525633738,73.0,26.0,84.0,2.0,1.0
40.0,1.0,1.0,10.0,2.0,43.28210458122107,98.0,1.0,8.0,3.0,0.0
27.0,0.0,2.0,4.0,1.0,32.763249367954046,86.0,77.0,37.0,1.0,1.0
45.0,1.0,2.0,6.0,3.0,3.077992413612928,71.0,3.0,21.0,3.0,0.0
47.0,1.0,2.0,7.0,2.0,11.339883802207206,91.0,12.0,86.0,3.0,0.0
23.0,0.0,2.0,15.0,2.0,47.25322782235275,22.0,99.0,48.0,1.0,1.0
45.0,0.0,1.0,14.0,1.0,19.30565589643756,67.0,34.0,67.0,2.0,0.0
27.0,1.0,3.0,8.0,4.0,6.181836324039779,13.0,71.0,92.0,3.0,1.0
45.0,1.0,2.0,2.0,2.0,36.1202682933101,62.0,65.0,14.0,2.0,0.0
47.0,0.0,1.0,2.0,4.0,15.972886196712732,92.0,5.0,64.0,2.0,0.0
37.0,0.0,2.0,3.0,4.0,14.442845645208584,64.0,30.0,53.0,2.0,0.0
47.0,1.0,2.0,4.0,5.0,50.89887277791302,67.0,9.0,29.0,2.0,0.0
47.0,1.0,1.0,9.0,1.0,43.90694625133272,62.0,20.0,92.0,1.0,1.0
24.0,1.0,4.0,0.0,4.0,21.396890918392053,95.0,73.0,19.0,2.0,0.0
28.0,1.0,4.0,14.0,1.0,50.01306039082496,96.0,22.0,32.0,1.0,1.0
23.0,0.0,2.0,14.0,5.0,33.50566117096068,89.0,2.0,99.0,2.0,0.0
46.0,1.0,1.0,6.0,1.0,38.10112259398801,80.0,31.0,85.0,3.0,0.0
41.0,1.0,3.0,8.0,2.0,2.5756521541105792,86.0,19.0,76.0,2.0,1.0
50.0,0.0,2.0,7.0,4.0,7.080262967402855,63.0,73.0,6.0,3.0,0.0
36.0,1.0,2.0,14.0,1.0,32.65425632481192,31.0,28.0,7.0,2.0,0.0
28.0,0.0,2.0,14.0,3.0,45.951199132474194,78.0,51.0,27.0,2.0,0.0
20.0,1.0,2.0,4.0,1.0,32.18718630437978,12.0,45.0,44.0,2.0,0.0
40.0,1.0,2.0,13.0,4.0,7.701244715949589,65.0,33.0,72.0,3.0,0.0
39.0,0.0,2.0,13.0,5.0,6.788002312316232,18.0,100.0,88.0,2.0,0.0
32.0,0.0,2.0,3.0,5.0,43.20929479120408,23.0,83.0,79.0,1.0,1.0
47.0,1.0,4.0,11.0,4.0,7.965116935395716,87.0,60.0,73.0,3.0,1.0
35.0,1.0,2.0,6.0,2.0,27.01159802520127,10.0,71.0,10.0,2.0,0.0
48.0,1.0,3.0,4.0,2.0,2.8556659981151133,58.0,70.0,30.0,1.0,1.0
32.0,0.0,3.0,6.0,5.0,5.033488369558869,85.0,69.0,11.0,2.0,1.0
33.0,1.0,2.0,11.0,5.0,34.61741338214324,14.0,10.0,94.0,3.0,0.0
22.0,0.0,2.0,0.0,4.0,35.459070521375835,9.0,81.0,77.0,2.0,0.0
48.0,0.0,2.0,0.0,2.0,18.07347033042212,40.0,92.0,50.0,2.0,0.0
25.0,1.0,2.0,15.0,5.0,11.780488262152238,26.0,88.0,43.0,3.0,0.0
37.0,0.0,3.0,9.0,2.0,41.6855135378654,59.0,62.0,95.0,2.0,1.0
38.0,1.0,2.0,13.0,5.0,11.855161473494515,72.0,20.0,49.0,2.0,0.0
24.0,1.0,4.0,12.0,1.0,28.101353483318984,51.0,2.0,16.0,1.0,1.0
34.0,1.0,1.0,2.0,3.0,49.41044204314528,27.0,81.0,34.0,1.0,0.0
44.0,1.0,1.0,13.0,1.0,8.39262189311919,64.0,87.0,0.0,2.0,0.0
21.0,1.0,2.0,10.0,5.0,48.04381337473544,16.0,9.0,28.0,3.0,0.0
29.0,0.0,2.0,1.0,3.0,10.144652653433432,94.0,26.0,50.0,1.0,0.0
43.0,0.0,2.0,1.0,3.0,29.37216040116148,43.0,11.0,63.0,2.0,0.0
49.0,1.0,2.0,6.0,5.0,19.85038559793723,9.0,6.0,3.0,1.0,0.0
37.0,1.0,2.0,11.0,5.0,49.2464300750913,62.0,16.0,86.0,2.0,0.0
46.0,0.0,1.0,9.0,2.0,14.677101450096846,100.0,64.0,27.0,1.0,1.0
32.0,0.0,4.0,1.0,5.0,20.982900104287683,92.0,63.0,15.0,1.0,1.0
24.0,0.0,2.0,10.0,4.0,50.14300589277102,81.0,25.0,62.0,1.0,1.0
42.0,0.0,3.0,3.0,5.0,27.82351955942366,46.0,14.0,75.0,2.0,0.0
43.0,1.0,3.0,1.0,4.0,26.131505781062675,37.0,32.0,52.0,2.0,0.0
20.0,1.0,4.0,5.0,5.0,13.888924410199564,69.0,61.0,84.0,1.0,1.0
41.0,0.0,1.0,7.0,2.0,36.06817801552207,75.0,100.0,16.0,3.0,0.0
20.0,1.0,3.0,9.0,4.0,1.718647588888882,52.0,46.0,39.0,1.0,1.0
37.0,0.0,2.0,15.0,1.0,3.4756314851146763,77.0,94.0,12.0,2.0,0.0
34.0,1.0,2.0,3.0,4.0,30.967929356790137,43.0,34.0,51.0,3.0,0.0
36.0,0.0,2.0,14.0,2.0,18.083728690922705,73.0,64.0,57.0,2.0,0.0
30.0,1.0,3.0,4.0,4.0,48.66581861004803,53.0,71.0,95.0,2.0,0.0
40.0,0.0,2.0,3.0,5.0,46.15953453613928,19.0,75.0,36.0,1.0,0.0
45.0,0.0,3.0,2.0,5.0,36.68531293383536,78.0,82.0,78.0,2.0,1.0
50.0,1.0,2.0,4.0,2.0,41.90727905639007,30.0,24.0,75.0,2.0,0.0
44.0,0.0,3.0,13.0,3.0,34.366592483384665,6.0,56.0,60.0,3.0,0.0
41.0,1.0,4.0,8.0,5.0,7.279105135508034,57.0,31.0,78.0,1.0,1.0
46.0,1.0,2.0,7.0,1.0,39.27716848446013,9.0,62.0,33.0,2.0,0.0
46.0,0.0,4.0,7.0,2.0,11.50959843594232,9.0,11.0,69.0,2.0,0.0
36.0,1.0,1.0,7.0,4.0,17.172142755009837,38.0,62.0,16.0,3.0,0.0
32.0,1.0,1.0,11.0,4.0,41.96171060512101,27.0,76.0,19.0,1.0,1.0
20.0,1.0,1.0,7.0,1.0,27.82628041967241,29.0,91.0,72.0,3.0,0.0
21.0,1.0,2.0,6.0,5.0,43.99703570917046,36.0,0.0,58.0,2.0,0.0
28.0,1.0,2.0,7.0,2.0,11.65176599216321,66.0,50.0,68.0,2.0,0.0
22.0,0.0,1.0,10.0,1.0,31.38892193034436,42.0,69.0,86.0,1.0,1.0
50.0,1.0,1.0,13.0,5.0,5.189548627413081,78.0,7.0,32.0,2.0,0.0
20.0,1.0,4.0,15.0,2.0,33.15304967700148,84.0,67.0,77.0,2.0,1.0
40.0,1.0,3.0,7.0,4.0,39.126701888776736,51.0,4.0,16.0,2.0,0.0
35.0,1.0,3.0,12.0,2.0,30.246544698936084,100.0,88.0,56.0,1.0,1.0
42.0,1.0,3.0,13.0,3.0,14.311575074940512,55.0,85.0,82.0,1.0,1.0
25.0,0.0,3.0,7.0,2.0,2.567133442943336,75.0,91.0,96.0,3.0,1.0
47.0,1.0,1.0,11.0,3.0,6.972444198214289,67.0,38.0,0.0,3.0,0.0
36.0,0.0,2.0,9.0,2.0,32.11514895370131,8.0,22.0,12.0,2.0,0.0
24.0,0.0,3.0,6.0,3.0,47.721010842125686,91.0,67.0,26.0,1.0,1.0
50.0,0.0,2.0,11.0,4.0,11.32672019860032,22.0,51.0,69.0,2.0,0.0
24.0,0.0,2.0,0.0,5.0,37.75130745525494,62.0,3.0,58.0,2.0,0.0
25.0,1.0,1.0,3.0,3.0,44.32255316245208,60.0,46.0,5.0,3.0,0.0
22.0,0.0,2.0,12.0,3.0,27.044108922375557,39.0,20.0,96.0,2.0,0.0
40.0,0.0,2.0,12.0,4.0,34.463289792182884,43.0,100.0,93.0,3.0,0.0
42.0,1.0,2.0,15.0,3.0,41.75076583380741,85.0,55.0,98.0,3.0,1.0
24.0,1.0,2.0,3.0,1.0,14.03375788702968,23.0,65.0,22.0,3.0,0.0
40.0,1.0,2.0,4.0,4.0,15.84478371340215,50.0,58.0,9.0,1.0,0.0
24.0,0.0,1.0,9.0,1.0,1.0313758314228083,57.0,6.0,50.0,1.0,0.0
29.0,1.0,1.0,5.0,4.0,49.154706544890125,89.0,48.0,18.0,2.0,0.0
29.0,1.0,3.0,3.0,3.0,46.87724472981724,93.0,15.0,50.0,2.0,0.0
38.0,0.0,2.0,14.0,1.0,39.22841318797152,32.0,16.0,91.0,1.0,1.0
36.0,1.0,1.0,1.0,3.0,4.953801048832406,15.0,83.0,86.0,1.0,1.0
40.0,1.0,3.0,15.0,4.0,23.375144484975408,21.0,86.0,67.0,2.0,1.0
33.0,1.0,2.0,5.0,3.0,6.094587698577641,56.0,97.0,83.0,2.0,0.0
28.0,1.0,2.0,14.0,1.0,1.7960133631399302,61.0,74.0,82.0,2.0,0.0
33.0,0.0,1.0,7.0,1.0,31.809148260629865,81.0,33.0,41.0,2.0,0.0
20.0,1.0,3.0,14.0,3.0,49.04147085400942,70.0,32.0,90.0,2.0,0.0
38.0,1.0,2.0,7.0,2.0,46.14340117160751,89.0,25.0,56.0,2.0,0.0
32.0,0.0,2.0,6.0,4.0,35.837740746770216,71.0,65.0,97.0,1.0,1.0
32.0,1.0,3.0,5.0,4.0,5.832029208243571,69.0,62.0,67.0,2.0,0.0
23.0,0.0,2.0,1.0,3.0,14.708201883615006,29.0,86.0,37.0,2.0,0.0
49.0,1.0,2.0,14.0,2.0,17.002836344264548,22.0,40.0,61.0,1.0,1.0
20.0,0.0,1.0,6.0,1.0,39.15750288727806,31.0,85.0,6.0,2.0,0.0
36.0,0.0,2.0,10.0,5.0,41.112458961755706,85.0,57.0,70.0,2.0,1.0
27.0,0.0,1.0,11.0,5.0,20.255306149496025,56.0,97.0,49.0,2.0,0.0
21.0,0.0,2.0,13.0,3.0,21.894199830880485,8.0,78.0,51.0,2.0,0.0
47.0,1.0,3.0,15.0,2.0,3.225451963808567,30.0,9.0,25.0,2.0,0.0
50.0,0.0,2.0,13.0,2.0,15.45683592093805,70.0,14.0,25.0,2.0,0.0
27.0,1.0,2.0,4.0,4.0,23.564258858881995,8.0,41.0,18.0,3.0,0.0
26.0,0.0,1.0,15.0,1.0,6.849152319262879,12.0,92.0,8.0,1.0,1.0
45.0,0.0,2.0,5.0,2.0,23.663373037751068,57.0,56.0,60.0,3.0,0.0
45.0,0.0,2.0,9.0,5.0,43.658790612890016,2.0,86.0,19.0,2.0,0.0
21.0,1.0,3.0,7.0,1.0,30.066050986252662,34.0,16.0,49.0,1.0,1.0
41.0,0.0,1.0,15.0,1.0,4.946492751920616,96.0,59.0,79.0,1.0,1.0
41.0,1.0,3.0,13.0,3.0,10.583565941513717,20.0,8.0,80.0,2.0,0.0
22.0,1.0,3.0,7.0,2.0,24.72721750792781,63.0,35.0,21.0,2.0,0.0
46.0,1.0,2.0,2.0,3.0,19.0743574910906,94.0,72.0,12.0,1.0,1.0
37.0,1.0,3.0,11.0,2.0,18.936350977304937,51.0,79.0,11.0,1.0,1.0
31.0,1.0,2.0,15.0,4.0,27.46337240717951,33.0,35.0,9.0,2.0,0.0
20.0,1.0,2.0,11.0,3.0,30.21979607947287,95.0,47.0,64.0,1.0,1.0
41.0,1.0,2.0,13.0,3.0,40.84307851380955,34.0,50.0,95.0,3.0,0.0
31.0,1.0,2.0,6.0,5.0,18.048328173124236,14.0,96.0,29.0,2.0,0.0
24.0,1.0,2.0,0.0,3.0,41.273314152029336,95.0,94.0,7.0,2.0,0.0
49.0,0.0,2.0,0.0,2.0,17.930561455631626,5.0,69.0,20.0,2.0,0.0
49.0,0.0,2.0,6.0,5.0,3.771649447061692,84.0,73.0,21.0,1.0,1.0
46.0,0.0,2.0,14.0,3.0,28.70938255023956,96.0,79.0,17.0,3.0,0.0
44.0,0.0,1.0,14.0,3.0,30.395116244740727,31.0,67.0,65.0,1.0,1.0
36.0,0.0,4.0,9.0,4.0,47.727012281093,51.0,21.0,47.0,2.0,0.0
35.0,1.0,3.0,8.0,3.0,37.30306630312372,82.0,76.0,43.0,2.0,1.0
50.0,1.0,2.0,6.0,1.0,46.88863262472198,96.0,79.0,8.0,1.0,1.0
34.0,1.0,1.0,9.0,5.0,46.41736051215048,27.0,92.0,66.0,2.0,0.0
42.0,1.0,3.0,4.0,1.0,31.228705512912107,94.0,5.0,53.0,3.0,0.0
34.0,1.0,3.0,7.0,5.0,27.388103266822377,84.0,25.0,25.0,2.0,0.0
24.0,1.0,3.0,1.0,4.0,28.872048358179995,97.0,74.0,84.0,3.0,1.0
40.0,1.0,2.0,8.0,3.0,49.91654038386239,63.0,87.0,93.0,3.0,0.0
33.0,0.0,2.0,5.0,3.0,39.658384587347946,78.0,92.0,91.0,2.0,0.0
21.0,0.0,1.0,12.0,3.0,6.313295239619792,77.0,2.0,99.0,2.0,0.0
30.0,0.0,1.0,8.0,5.0,39.92142033907,18.0,51.0,25.0,2.0,0.0
38.0,0.0,3.0,15.0,3.0,9.526902444911292,14.0,73.0,33.0,2.0,0.0
26.0,1.0,3.0,1.0,1.0,23.367527450281283,5.0,59.0,7.0,1.0,1.0
25.0,1.0,2.0,2.0,3.0,11.522983608826712,72.0,62.0,9.0,3.0,0.0
47.0,1.0,3.0,11.0,4.0,35.47915327666149,100.0,64.0,47.0,2.0,1.0
21.0,0.0,2.0,7.0,1.0,44.86548680965178,83.0,51.0,54.0,2.0,0.0
25.0,1.0,2.0,0.0,3.0,15.518094268334048,97.0,89.0,53.0,2.0,0.0
37.0,1.0,2.0,14.0,3.0,5.100537060409382,37.0,75.0,77.0,2.0,0.0
21.0,1.0,4.0,9.0,2.0,15.924654903748165,25.0,13.0,39.0,3.0,0.0
37.0,0.0,1.0,14.0,5.0,34.61809289660972,81.0,88.0,14.0,2.0,0.0
49.0,1.0,4.0,14.0,1.0,17.4380063777225,91.0,71.0,80.0,1.0,1.0
34.0,0.0,3.0,14.0,2.0,14.905608377690172,50.0,67.0,17.0,1.0,1.0
46.0,0.0,1.0,6.0,4.0,10.221759529213248,72.0,27.0,95.0,3.0,0.0
38.0,0.0,2.0,6.0,5.0,25.875821343721675,95.0,70.0,22.0,2.0,0.0
50.0,0.0,3.0,12.0,1.0,14.79744140785938,52.0,9.0,61.0,3.0,0.0
21.0,1.0,2.0,0.0,3.0,37.55051745697416,55.0,56.0,45.0,1.0,0.0
39.0,0.0,4.0,15.0,1.0,4.831120099610136,58.0,99.0,86.0,1.0,1.0
44.0,0.0,4.0,8.0,3.0,34.201651655565875,69.0,65.0,98.0,1.0,1.0
25.0,1.0,2.0,7.0,5.0,12.878000728388493,77.0,89.0,38.0,2.0,0.0
20.0,1.0,2.0,3.0,3.0,25.463963052580155,91.0,49.0,14.0,2.0,0.0
43.0,0.0,4.0,9.0,4.0,15.30449610156303,57.0,13.0,52.0,1.0,1.0
34.0,1.0,2.0,10.0,3.0,37.13843380053978,87.0,15.0,87.0,2.0,0.0
47.0,0.0,1.0,4.0,4.0,48.26535201258184,12.0,53.0,63.0,2.0,0.0
49.0,0.0,1.0,1.0,5.0,46.85383897349066,42.0,42.0,62.0,1.0,0.0
42.0,0.0,2.0,12.0,5.0,30.171310757204555,75.0,41.0,91.0,2.0,0.0
29.0,0.0,4.0,15.0,1.0,24.13051516284892,50.0,80.0,79.0,2.0,1.0
38.0,1.0,3.0,8.0,4.0,41.91502547196909,18.0,21.0,15.0,1.0,1.0
36.0,0.0,2.0,14.0,4.0,35.1663181313865,20.0,67.0,69.0,1.0,1.0
24.0,1.0,1.0,11.0,2.0,10.178205710846644,90.0,18.0,65.0,2.0,0.0
48.0,1.0,2.0,11.0,2.0,42.04596068065001,82.0,65.0,12.0,2.0,0.0
23.0,1.0,3.0,5.0,2.0,22.444219469735508,23.0,38.0,46.0,3.0,0.0
29.0,1.0,1.0,2.0,3.0,10.449282998558756,25.0,72.0,8.0,2.0,0.0
43.0,0.0,2.0,11.0,2.0,15.089867519824622,44.0,18.0,62.0,1.0,1.0
36.0,1.0,1.0,6.0,4.0,14.376351512417116,27.0,15.0,33.0,3.0,0.0
29.0,0.0,2.0,8.0,3.0,26.960348730173006,81.0,53.0,80.0,3.0,1.0
36.0,1.0,4.0,2.0,5.0,12.718504533893777,99.0,24.0,90.0,2.0,0.0
47.0,1.0,2.0,15.0,1.0,7.178324370078808,28.0,17.0,28.0,3.0,0.0
39.0,0.0,2.0,1.0,2.0,7.184542530688036,16.0,22.0,36.0,2.0,0.0
43.0,0.0,2.0,15.0,5.0,30.16380985695483,67.0,84.0,42.0,2.0,0.0
24.0,0.0,4.0,6.0,4.0,37.73796444246893,43.0,10.0,85.0,2.0,0.0
21.0,1.0,1.0,6.0,1.0,17.07665044191704,60.0,38.0,63.0,2.0,0.0
25.0,1.0,2.0,3.0,5.0,2.7325354907008537,92.0,67.0,23.0,1.0,1.0
40.0,0.0,2.0,10.0,1.0,7.361244346850537,67.0,24.0,70.0,3.0,0.0
21.0,0.0,3.0,8.0,2.0,46.734728016852856,73.0,62.0,33.0,3.0,1.0
32.0,0.0,2.0,15.0,4.0,25.67718297947265,24.0,95.0,47.0,2.0,0.0
49.0,0.0,1.0,13.0,1.0,23.678640480758737,94.0,29.0,11.0,2.0,0.0
30.0,1.0,2.0,7.0,5.0,2.9024589155045457,66.0,44.0,22.0,1.0,0.0
30.0,0.0,3.0,12.0,2.0,37.43185111584496,1.0,89.0,78.0,1.0,1.0
35.0,0.0,1.0,12.0,2.0,27.403404046603946,88.0,60.0,96.0,1.0,1.0
30.0,0.0,3.0,0.0,5.0,11.10404680432604,48.0,99.0,12.0,2.0,0.0
38.0,0.0,1.0,0.0,5.0,6.503688009052859,69.0,50.0,86.0,3.0,0.0
34.0,1.0,2.0,4.0,1.0,20.16939318159993,25.0,97.0,95.0,1.0,1.0
44.0,0.0,2.0,5.0,3.0,42.85809820975128,71.0,8.0,44.0,1.0,0.0
42.0,1.0,3.0,2.0,2.0,44.264727960051225,98.0,75.0,98.0,2.0,1.0
42.0,0.0,2.0,12.0,1.0,31.142319019781823,26.0,1.0,64.0,1.0,1.0
35.0,0.0,3.0,8.0,5.0,37.37682136150713,88.0,4.0,46.0,3.0,0.0
50.0,1.0,3.0,11.0,1.0,6.757789370143518,17.0,61.0,57.0,2.0,0.0
30.0,0.0,2.0,9.0,5.0,30.40630327339274,53.0,68.0,4.0,1.0,1.0
41.0,1.0,3.0,13.0,4.0,34.34828517435909,0.0,51.0,76.0,1.0,1.0
35.0,1.0,3.0,14.0,5.0,11.03564214568961,60.0,85.0,4.0,1.0,1.0
27.0,0.0,1.0,5.0,5.0,45.00773664551295,2.0,4.0,59.0,2.0,0.0
23.0,1.0,2.0,3.0,5.0,10.749836876050988,67.0,58.0,95.0,1.0,1.0
27.0,1.0,4.0,11.0,3.0,16.67386799232252,40.0,67.0,20.0,2.0,0.0
23.0,1.0,1.0,6.0,5.0,32.02784235117293,36.0,8.0,23.0,2.0,0.0
43.0,1.0,3.0,7.0,2.0,32.917503256536534,50.0,92.0,17.0,1.0,1.0
44.0,1.0,4.0,8.0,2.0,35.96923704936836,14.0,21.0,20.0,1.0,1.0
22.0,1.0,1.0,12.0,1.0,6.600585653410284,7.0,26.0,53.0,2.0,0.0
22.0,1.0,2.0,15.0,3.0,43.47322149642777,37.0,9.0,9.0,2.0,0.0
46.0,1.0,2.0,10.0,1.0,27.642356614162992,82.0,79.0,23.0,3.0,0.0
48.0,0.0,2.0,5.0,2.0,24.566089705253415,55.0,60.0,84.0,1.0,1.0
37.0,0.0,1.0,14.0,2.0,50.05488122567548,46.0,50.0,88.0,1.0,1.0
48.0,1.0,1.0,5.0,4.0,38.018914847050986,89.0,9.0,59.0,1.0,0.0
45.0,0.0,2.0,7.0,5.0,6.900301330968744,9.0,5.0,56.0,2.0,0.0
38.0,1.0,3.0,11.0,2.0,38.82695836131204,77.0,61.0,22.0,2.0,1.0
38.0,1.0,3.0,4.0,1.0,5.762446698643474,48.0,4.0,21.0,3.0,0.0
40.0,0.0,2.0,13.0,1.0,2.3735281256492424,40.0,69.0,67.0,2.0,0.0
24.0,1.0,1.0,2.0,5.0,21.18129476349485,82.0,62.0,33.0,1.0,1.0
37.0,1.0,2.0,11.0,5.0,50.67890864096093,29.0,55.0,69.0,2.0,0.0
47.0,1.0,2.0,2.0,4.0,9.744196809743132,4.0,58.0,27.0,3.0,0.0
29.0,1.0,4.0,12.0,3.0,34.6322171763395,94.0,62.0,94.0,2.0,1.0
48.0,0.0,3.0,5.0,1.0,9.669803310305968,70.0,88.0,98.0,2.0,0.0
41.0,1.0,3.0,1.0,5.0,37.2393487479193,82.0,58.0,38.0,3.0,0.0
40.0,1.0,4.0,15.0,1.0,26.267683411891305,30.0,50.0,41.0,2.0,0.0
25.0,1.0,1.0,5.0,5.0,34.998585504468814,51.0,49.0,22.0,2.0,0.0
20.0,0.0,3.0,15.0,2.0,11.14365879571173,87.0,3.0,69.0,1.0,1.0
24.0,1.0,2.0,12.0,1.0,38.2814166260251,97.0,47.0,79.0,2.0,0.0
28.0,0.0,4.0,5.0,2.0,50.780952981135336,22.0,31.0,1.0,1.0,0.0
31.0,0.0,2.0,7.0,1.0,34.282525031297986,47.0,50.0,23.0,2.0,0.0
45.0,1.0,3.0,6.0,3.0,25.673999903643885,39.0,51.0,16.0,1.0,1.0
33.0,1.0,3.0,7.0,4.0,47.15869943096324,5.0,98.0,64.0,3.0,1.0
21.0,0.0,1.0,13.0,2.0,1.792592111593815,37.0,73.0,69.0,3.0,0.0
36.0,1.0,2.0,8.0,5.0,37.496175964291055,40.0,33.0,68.0,2.0,0.0
33.0,0.0,3.0,5.0,3.0,45.43732584069065,99.0,35.0,59.0,1.0,1.0
45.0,0.0,2.0,13.0,1.0,4.083729181047873,26.0,69.0,49.0,1.0,1.0
32.0,1.0,2.0,15.0,2.0,23.503208520787908,74.0,42.0,92.0,2.0,0.0
46.0,1.0,2.0,2.0,1.0,11.235972697499946,68.0,15.0,11.0,2.0,0.0
28.0,0.0,1.0,9.0,1.0,29.325908279391506,56.0,58.0,46.0,2.0,0.0
45.0,0.0,3.0,2.0,1.0,33.47714793018302,16.0,52.0,66.0,2.0,0.0
44.0,0.0,2.0,15.0,4.0,16.131159146437753,70.0,18.0,64.0,2.0,0.0
34.0,0.0,1.0,10.0,4.0,23.999083483905043,90.0,97.0,26.0,2.0,0.0
44.0,1.0,2.0,11.0,5.0,14.966974263827977,46.0,88.0,47.0,2.0,0.0
41.0,1.0,2.0,0.0,2.0,19.469558222755687,78.0,94.0,87.0,2.0,0.0
34.0,1.0,1.0,10.0,3.0,8.97699783442118,12.0,40.0,61.0,2.0,0.0
43.0,1.0,2.0,14.0,3.0,45.27797217928157,10.0,80.0,43.0,1.0,1.0
49.0,1.0,2.0,12.0,3.0,1.5005205279568214,89.0,46.0,18.0,1.0,1.0
30.0,0.0,2.0,14.0,1.0,45.12045932218943,85.0,93.0,58.0,2.0,0.0
50.0,1.0,3.0,4.0,4.0,29.583943917486927,91.0,53.0,7.0,1.0,1.0
35.0,1.0,2.0,13.0,2.0,17.582892208850875,23.0,54.0,54.0,2.0,0.0
48.0,1.0,2.0,3.0,1.0,37.15285627301649,92.0,94.0,46.0,2.0,0.0
36.0,1.0,2.0,8.0,4.0,26.38760759313321,72.0,18.0,1.0,3.0,0.0
45.0,1.0,2.0,14.0,4.0,25.955432905380327,3.0,61.0,93.0,2.0,0.0
23.0,0.0,2.0,8.0,2.0,6.5071141459483215,45.0,98.0,93.0,1.0,1.0
20.0,0.0,2.0,14.0,2.0,20.475801297270436,17.0,92.0,38.0,1.0,1.0
27.0,0.0,3.0,13.0,2.0,13.053217292836832,42.0,58.0,44.0,3.0,0.0
36.0,1.0,2.0,4.0,1.0,1.7847952798139823,79.0,64.0,31.0,1.0,1.0
22.0,0.0,2.0,9.0,5.0,19.004981539105664,32.0,67.0,64.0,2.0,0.0
48.0,0.0,3.0,3.0,2.0,5.491106471280237,92.0,27.0,37.0,2.0,0.0
39.0,1.0,2.0,6.0,5.0,13.84150188625926,9.0,17.0,76.0,2.0,0.0
34.0,1.0,2.0,14.0,1.0,5.625831059154723,72.0,25.0,10.0,2.0,0.0
34.0,1.0,2.0,5.0,5.0,6.047081277819943,58.0,18.0,9.0,2.0,0.0
50.0,0.0,1.0,3.0,3.0,10.950564720759411,30.0,54.0,58.0,3.0,0.0
43.0,0.0,3.0,12.0,5.0,50.99246222432001,27.0,56.0,89.0,1.0,1.0
41.0,1.0,3.0,12.0,2.0,1.1092071428624386,59.0,5.0,54.0,3.0,0.0
33.0,1.0,4.0,14.0,1.0,32.93363180602026,2.0,0.0,19.0,2.0,0.0
45.0,0.0,2.0,9.0,2.0,8.062184901327868,54.0,7.0,80.0,3.0,0.0
47.0,0.0,2.0,1.0,3.0,47.03140683553879,13.0,96.0,16.0,1.0,0.0
42.0,1.0,1.0,0.0,2.0,5.6816446666814615,57.0,50.0,67.0,1.0,0.0
33.0,1.0,2.0,3.0,2.0,48.75315935631183,88.0,84.0,4.0,3.0,0.0
43.0,0.0,2.0,3.0,2.0,31.546319374173898,14.0,87.0,59.0,3.0,0.0
21.0,1.0,4.0,12.0,4.0,1.0634038457745123,1.0,24.0,22.0,2.0,0.0
32.0,0.0,2.0,0.0,3.0,45.7003598958403,23.0,46.0,45.0,2.0,0.0
45.0,0.0,2.0,5.0,2.0,27.085590068345915,77.0,54.0,51.0,3.0,0.0
33.0,0.0,2.0,3.0,2.0,14.133486766524229,63.0,63.0,9.0,1.0,0.0
46.0,0.0,2.0,0.0,2.0,39.36395887578151,70.0,82.0,45.0,2.0,0.0
43.0,1.0,2.0,0.0,1.0,47.3332776943435,99.0,92.0,27.0,3.0,0.0
38.0,1.0,3.0,14.0,4.0,25.18454115733969,23.0,9.0,96.0,2.0,0.0
26.0,0.0,2.0,12.0,1.0,16.777673722155544,26.0,55.0,42.0,2.0,0.0
22.0,0.0,3.0,0.0,4.0,40.44725619674634,36.0,11.0,25.0,2.0,0.0
34.0,0.0,2.0,7.0,2.0,35.08927488942273,93.0,32.0,54.0,2.0,0.0
42.0,0.0,3.0,9.0,3.0,45.43762418751362,90.0,70.0,47.0,1.0,1.0
33.0,0.0,3.0,7.0,5.0,35.62570063805965,38.0,16.0,28.0,3.0,0.0
30.0,1.0,2.0,1.0,5.0,13.176416944976816,62.0,60.0,26.0,2.0,0.0
34.0,1.0,2.0,10.0,2.0,47.58296248795095,78.0,9.0,17.0,3.0,0.0
47.0,1.0,4.0,12.0,1.0,6.241787360299566,25.0,30.0,59.0,3.0,0.0
32.0,1.0,2.0,6.0,3.0,14.397137505342393,64.0,59.0,73.0,1.0,1.0
37.0,0.0,4.0,13.0,4.0,27.00973038619428,3.0,69.0,68.0,1.0,1.0
45.0,0.0,1.0,7.0,2.0,29.28710130354507,28.0,16.0,73.0,2.0,0.0
25.0,0.0,2.0,7.0,3.0,1.7655293313452716,0.0,49.0,20.0,2.0,0.0
22.0,0.0,3.0,10.0,3.0,40.028636291047,49.0,36.0,23.0,2.0,0.0
38.0,0.0,4.0,9.0,4.0,19.080365921269475,85.0,81.0,2.0,2.0,1.0
34.0,1.0,2.0,14.0,3.0,21.32092705010689,10.0,61.0,94.0,2.0,0.0
44.0,0.0,3.0,10.0,1.0,41.46847722184729,73.0,89.0,61.0,1.0,1.0
42.0,1.0,2.0,12.0,1.0,19.964169586377228,58.0,79.0,100.0,2.0,0.0
24.0,1.0,1.0,6.0,1.0,3.361243824737741,61.0,71.0,1.0,2.0,0.0
47.0,1.0,2.0,4.0,3.0,9.821988523517517,80.0,87.0,65.0,2.0,0.0
29.0,1.0,2.0,0.0,1.0,48.79515861940912,35.0,76.0,41.0,1.0,0.0
26.0,0.0,4.0,11.0,4.0,4.520268120125708,55.0,28.0,33.0,2.0,0.0
44.0,1.0,2.0,8.0,3.0,18.746560048400813,89.0,31.0,41.0,1.0,1.0
36.0,1.0,2.0,12.0,5.0,26.15895835256723,20.0,87.0,19.0,2.0,0.0
26.0,1.0,1.0,15.0,3.0,25.664041366928004,12.0,79.0,96.0,2.0,0.0
41.0,0.0,2.0,6.0,4.0,1.1979971506071376,8.0,10.0,67.0,1.0,1.0
45.0,0.0,2.0,1.0,5.0,26.05813657287452,10.0,95.0,44.0,2.0,0.0
49.0,0.0,3.0,5.0,3.0,20.18862289887046,74.0,5.0,74.0,2.0,0.0
31.0,1.0,2.0,1.0,1.0,49.603966773727855,69.0,34.0,41.0,1.0,0.0
44.0,1.0,4.0,14.0,2.0,8.957954199691493,0.0,32.0,46.0,1.0,1.0
36.0,0.0,4.0,0.0,2.0,18.70770983797475,69.0,17.0,4.0,3.0,0.0
32.0,1.0,2.0,13.0,1.0,21.974074254490983,76.0,36.0,88.0,2.0,0.0
39.0,0.0,4.0,6.0,2.0,20.53467685504744,85.0,12.0,48.0,3.0,0.0
44.0,0.0,3.0,12.0,2.0,34.291541382593124,55.0,73.0,36.0,2.0,0.0
23.0,1.0,2.0,15.0,1.0,11.775642877388442,30.0,100.0,33.0,2.0,0.0
29.0,1.0,1.0,1.0,1.0,12.053577640699592,85.0,89.0,72.0,2.0,0.0
22.0,1.0,2.0,12.0,3.0,37.460547425042655,36.0,80.0,69.0,2.0,0.0
28.0,1.0,2.0,13.0,3.0,26.01452593390898,46.0,63.0,17.0,1.0,1.0
32.0,0.0,3.0,13.0,1.0,21.75778380286552,90.0,0.0,77.0,2.0,1.0
37.0,0.0,2.0,1.0,4.0,9.460152583862593,77.0,62.0,18.0,2.0,0.0
34.0,0.0,3.0,12.0,2.0,10.37636114560833,46.0,88.0,77.0,1.0,1.0
23.0,0.0,2.0,10.0,3.0,1.5275818407950272,68.0,33.0,39.0,1.0,0.0
34.0,0.0,1.0,4.0,2.0,5.571313443085462,57.0,9.0,16.0,1.0,0.0
41.0,1.0,4.0,13.0,5.0,28.84193473451205,35.0,83.0,59.0,2.0,0.0
21.0,0.0,2.0,4.0,1.0,45.593656500420494,31.0,6.0,98.0,2.0,0.0
34.0,0.0,2.0,15.0,4.0,15.358238256527873,97.0,55.0,92.0,3.0,1.0
27.0,0.0,2.0,6.0,5.0,17.387361294806407,63.0,79.0,41.0,1.0,1.0
27.0,1.0,1.0,0.0,5.0,6.7802805305756095,70.0,36.0,80.0,1.0,0.0
36.0,1.0,2.0,7.0,5.0,20.431547280355137,41.0,28.0,71.0,2.0,0.0
31.0,1.0,2.0,2.0,1.0,2.8610852284664583,47.0,11.0,64.0,3.0,0.0
38.0,1.0,2.0,3.0,3.0,46.88003481309501,73.0,16.0,52.0,1.0,0.0
29.0,0.0,4.0,14.0,1.0,34.65556740622643,80.0,47.0,99.0,2.0,1.0
28.0,0.0,2.0,8.0,3.0,50.53744046966094,29.0,83.0,6.0,2.0,0.0
24.0,1.0,2.0,3.0,5.0,45.14115813392469,20.0,25.0,4.0,1.0,0.0
25.0,1.0,2.0,9.0,5.0,24.649529684907638,59.0,82.0,23.0,2.0,0.0
39.0,0.0,4.0,11.0,4.0,26.98425155751885,12.0,11.0,27.0,1.0,1.0
45.0,0.0,1.0,14.0,3.0,10.528802325859692,0.0,20.0,61.0,3.0,0.0
21.0,1.0,2.0,4.0,5.0,24.10196714197778,64.0,41.0,16.0,2.0,0.0
46.0,1.0,1.0,6.0,2.0,46.15139367464058,32.0,60.0,100.0,2.0,0.0
43.0,1.0,1.0,15.0,4.0,3.5426711817910563,37.0,57.0,19.0,2.0,0.0
46.0,1.0,3.0,3.0,1.0,44.17784014991549,24.0,53.0,2.0,2.0,0.0
32.0,0.0,3.0,13.0,4.0,18.047390082130487,25.0,33.0,36.0,2.0,0.0
25.0,0.0,2.0,0.0,2.0,45.97563825481549,76.0,6.0,89.0,1.0,1.0
24.0,0.0,2.0,8.0,3.0,48.04399531707424,58.0,34.0,14.0,2.0,0.0
44.0,1.0,2.0,3.0,1.0,34.5432443500953,91.0,14.0,50.0,1.0,0.0
20.0,1.0,4.0,8.0,1.0,34.221189329633894,32.0,64.0,47.0,2.0,0.0
40.0,0.0,4.0,5.0,3.0,23.637716885437005,100.0,89.0,7.0,1.0,1.0
41.0,0.0,2.0,14.0,4.0,42.777011227185376,40.0,98.0,12.0,2.0,0.0
40.0,0.0,3.0,0.0,5.0,49.08063792166416,29.0,24.0,47.0,1.0,0.0
25.0,0.0,3.0,11.0,4.0,39.75409001695596,56.0,58.0,2.0,3.0,0.0
25.0,1.0,2.0,2.0,2.0,32.09683668783546,48.0,78.0,64.0,2.0,0.0
42.0,0.0,2.0,10.0,5.0,31.33964479106684,47.0,85.0,72.0,2.0,0.0
35.0,0.0,2.0,1.0,4.0,43.47349507918312,71.0,5.0,30.0,3.0,0.0
23.0,0.0,3.0,15.0,3.0,28.06018828856492,48.0,51.0,25.0,2.0,0.0
49.0,0.0,4.0,8.0,2.0,41.19299431244113,46.0,78.0,80.0,3.0,1.0
30.0,0.0,3.0,15.0,2.0,26.444262758712288,55.0,87.0,55.0,1.0,1.0
49.0,0.0,3.0,14.0,2.0,4.122213748696207,64.0,20.0,33.0,2.0,0.0
49.0,0.0,2.0,11.0,5.0,20.19735044520776,11.0,70.0,8.0,2.0,0.0
49.0,1.0,3.0,0.0,1.0,23.222047883574938,68.0,92.0,61.0,3.0,0.0
50.0,1.0,3.0,12.0,5.0,8.08086224933086,87.0,95.0,12.0,1.0,1.0
43.0,1.0,2.0,13.0,4.0,6.12481645946064,5.0,31.0,68.0,3.0,0.0
42.0,1.0,2.0,8.0,1.0,27.773247482847708,88.0,52.0,40.0,2.0,0.0
28.0,0.0,3.0,8.0,4.0,5.257181827804107,64.0,58.0,76.0,3.0,1.0
42.0,1.0,1.0,7.0,1.0,16.1472583945042,24.0,68.0,0.0,2.0,0.0
22.0,1.0,3.0,7.0,5.0,38.2298487981538,0.0,61.0,88.0,1.0,1.0
38.0,0.0,1.0,10.0,2.0,49.22160897839904,31.0,3.0,46.0,3.0,0.0
50.0,0.0,2.0,13.0,3.0,36.89352902759643,2.0,85.0,3.0,3.0,0.0
27.0,1.0,3.0,11.0,2.0,50.63127742264352,48.0,17.0,99.0,2.0,0.0
24.0,1.0,2.0,0.0,5.0,35.916898563970136,18.0,98.0,62.0,1.0,1.0
23.0,0.0,2.0,10.0,1.0,15.689723532716377,59.0,80.0,51.0,1.0,1.0
43.0,1.0,2.0,7.0,2.0,34.60262702526809,28.0,55.0,9.0,2.0,0.0
50.0,0.0,3.0,9.0,5.0,36.1078382598452,49.0,23.0,27.0,1.0,1.0
25.0,0.0,1.0,13.0,4.0,19.58634923082303,1.0,65.0,5.0,2.0,0.0
21.0,0.0,4.0,2.0,3.0,1.8856925304694507,72.0,12.0,26.0,2.0,0.0
39.0,0.0,1.0,10.0,2.0,36.15998923877434,55.0,61.0,11.0,2.0,0.0
47.0,1.0,4.0,6.0,1.0,2.085004763777081,16.0,53.0,61.0,1.0,1.0
30.0,0.0,4.0,10.0,4.0,32.55940390300356,59.0,14.0,51.0,2.0,0.0
23.0,0.0,2.0,14.0,5.0,9.180824437127754,35.0,68.0,47.0,2.0,0.0
34.0,1.0,2.0,0.0,3.0,29.280176387402168,60.0,2.0,66.0,2.0,0.0
25.0,0.0,2.0,0.0,1.0,26.19565126903,16.0,36.0,45.0,2.0,0.0
41.0,1.0,2.0,15.0,5.0,1.6756821153091286,48.0,36.0,96.0,2.0,0.0
36.0,1.0,1.0,9.0,5.0,19.14329084975517,75.0,100.0,73.0,2.0,1.0
49.0,1.0,1.0,12.0,2.0,31.054558369815137,59.0,2.0,94.0,3.0,0.0
43.0,0.0,1.0,4.0,2.0,43.43032759493899,19.0,62.0,14.0,2.0,0.0
25.0,1.0,2.0,4.0,1.0,45.43210569182586,49.0,34.0,70.0,3.0,0.0
38.0,1.0,2.0,7.0,5.0,25.192498501661163,2.0,51.0,35.0,2.0,0.0
49.0,0.0,2.0,6.0,2.0,37.42112436497191,42.0,86.0,13.0,2.0,0.0
44.0,1.0,4.0,7.0,3.0,16.822728826672883,56.0,27.0,77.0,1.0,1.0
21.0,1.0,2.0,5.0,3.0,18.10932028793287,49.0,93.0,2.0,2.0,0.0
34.0,1.0,2.0,5.0,5.0,10.723175959115688,67.0,17.0,66.0,2.0,0.0
30.0,1.0,2.0,1.0,2.0,29.097405499661964,80.0,35.0,85.0,1.0,1.0
27.0,1.0,3.0,5.0,1.0,16.72820754636826,49.0,32.0,18.0,2.0,0.0
45.0,0.0,4.0,4.0,1.0,5.218544821925252,36.0,63.0,98.0,1.0,1.0
38.0,1.0,3.0,12.0,1.0,35.25030433315894,45.0,25.0,75.0,2.0,0.0
32.0,1.0,4.0,15.0,3.0,36.38766038026991,41.0,47.0,53.0,2.0,0.0
31.0,0.0,1.0,2.0,2.0,18.99962093895289,14.0,39.0,68.0,2.0,0.0
24.0,0.0,3.0,5.0,2.0,4.83616997280114,32.0,16.0,9.0,3.0,0.0
25.0,0.0,3.0,7.0,3.0,22.31488587017129,79.0,39.0,32.0,2.0,0.0
45.0,1.0,2.0,8.0,1.0,23.11677290251077,10.0,6.0,12.0,2.0,0.0
41.0,0.0,4.0,0.0,1.0,34.43354424489465,19.0,56.0,98.0,2.0,0.0
23.0,1.0,1.0,2.0,5.0,16.77081956293417,23.0,7.0,50.0,3.0,0.0
38.0,1.0,2.0,2.0,4.0,35.129963989065274,63.0,55.0,31.0,2.0,0.0
39.0,0.0,2.0,10.0,2.0,44.57442708786942,79.0,30.0,74.0,2.0,0.0
20.0,0.0,2.0,7.0,2.0,12.874302118109991,93.0,58.0,23.0,1.0,1.0
39.0,1.0,3.0,0.0,2.0,49.945977805994985,97.0,57.0,34.0,2.0,0.0
36.0,0.0,2.0,4.0,4.0,20.318406856840348,64.0,11.0,82.0,1.0,0.0
31.0,1.0,2.0,2.0,5.0,14.362934257353087,87.0,47.0,69.0,2.0,0.0
34.0,0.0,2.0,1.0,4.0,22.075559125514527,87.0,30.0,39.0,3.0,0.0
20.0,0.0,3.0,14.0,1.0,5.719873795192958,72.0,82.0,53.0,2.0,1.0
45.0,0.0,1.0,7.0,1.0,7.285295325605783,85.0,62.0,43.0,2.0,0.0
33.0,1.0,2.0,2.0,2.0,21.72170234841657,75.0,73.0,61.0,2.0,0.0
25.0,0.0,4.0,6.0,3.0,39.122226096955,16.0,38.0,98.0,2.0,0.0
24.0,1.0,3.0,11.0,2.0,46.01561197872454,88.0,75.0,67.0,2.0,1.0
49.0,1.0,2.0,10.0,3.0,34.24089953581355,91.0,19.0,32.0,2.0,0.0
30.0,1.0,3.0,0.0,4.0,6.260977761908486,60.0,100.0,76.0,1.0,1.0
50.0,1.0,3.0,5.0,1.0,34.60098810902675,14.0,47.0,55.0,1.0,0.0
23.0,0.0,3.0,2.0,3.0,32.7713960351486,93.0,70.0,35.0,2.0,0.0
32.0,1.0,2.0,7.0,4.0,41.28819591466657,50.0,53.0,53.0,2.0,0.0
30.0,1.0,2.0,5.0,1.0,42.26243333260904,26.0,77.0,18.0,1.0,0.0
22.0,0.0,2.0,11.0,3.0,44.41015378894895,85.0,74.0,42.0,2.0,0.0
20.0,1.0,2.0,1.0,2.0,21.70657572895492,73.0,70.0,11.0,1.0,1.0
25.0,0.0,2.0,5.0,2.0,35.893219767607214,60.0,28.0,10.0,1.0,0.0
37.0,1.0,1.0,6.0,2.0,14.412517946115535,57.0,73.0,69.0,2.0,0.0
43.0,0.0,2.0,4.0,4.0,50.966813999175216,30.0,92.0,11.0,2.0,0.0
29.0,1.0,2.0,2.0,2.0,9.766712068842995,90.0,72.0,90.0,2.0,0.0
24.0,0.0,2.0,3.0,5.0,1.5057215830417905,11.0,99.0,40.0,2.0,0.0
42.0,1.0,3.0,3.0,1.0,8.4404357259088,45.0,47.0,24.0,3.0,0.0
29.0,1.0,2.0,5.0,4.0,39.79361447720633,30.0,73.0,2.0,2.0,0.0
31.0,0.0,1.0,9.0,2.0,23.339183825410576,31.0,82.0,2.0,1.0,1.0
21.0,0.0,3.0,0.0,1.0,23.375012390521416,31.0,55.0,83.0,2.0,0.0
32.0,0.0,1.0,10.0,3.0,48.75114598058342,98.0,94.0,27.0,1.0,1.0
27.0,0.0,3.0,3.0,2.0,46.981745401403714,52.0,16.0,22.0,3.0,0.0
21.0,1.0,3.0,9.0,1.0,16.559736890200462,60.0,8.0,47.0,1.0,1.0
39.0,1.0,2.0,12.0,5.0,11.452906439043309,45.0,96.0,66.0,2.0,0.0
20.0,0.0,3.0,3.0,3.0,43.424110496686986,84.0,33.0,41.0,1.0,1.0
50.0,1.0,2.0,9.0,5.0,46.30095355221816,73.0,44.0,87.0,3.0,0.0
24.0,0.0,2.0,15.0,1.0,28.079846139924346,79.0,87.0,39.0,2.0,0.0
28.0,0.0,1.0,0.0,5.0,32.47118555585503,6.0,8.0,5.0,3.0,0.0
36.0,1.0,2.0,8.0,1.0,13.845714234614668,3.0,6.0,19.0,1.0,0.0
28.0,1.0,4.0,3.0,1.0,41.04013439892623,90.0,15.0,10.0,1.0,1.0
30.0,1.0,2.0,6.0,5.0,32.60612142245115,51.0,18.0,95.0,1.0,1.0
34.0,1.0,2.0,11.0,1.0,26.17567556489983,88.0,5.0,26.0,3.0,0.0
43.0,1.0,2.0,13.0,2.0,4.005427803919791,30.0,10.0,20.0,3.0,0.0
25.0,1.0,2.0,2.0,1.0,46.79674812555768,74.0,75.0,12.0,1.0,1.0
42.0,1.0,1.0,9.0,4.0,31.7725710192203,83.0,60.0,85.0,1.0,1.0
22.0,0.0,2.0,11.0,1.0,10.6345547346484,35.0,41.0,34.0,2.0,0.0
49.0,0.0,3.0,2.0,4.0,31.31930584915264,53.0,12.0,46.0,1.0,0.0
50.0,0.0,2.0,13.0,1.0,34.87316771199867,53.0,11.0,85.0,1.0,1.0
36.0,0.0,2.0,7.0,1.0,27.288516834161275,16.0,84.0,27.0,1.0,1.0
24.0,0.0,1.0,7.0,5.0,36.90508689780113,74.0,73.0,20.0,1.0,1.0
49.0,1.0,2.0,10.0,2.0,30.072697396431213,29.0,19.0,17.0,1.0,1.0
47.0,0.0,3.0,11.0,2.0,48.38847910160741,98.0,49.0,30.0,1.0,0.0
31.0,0.0,1.0,0.0,3.0,3.6848539299653416,21.0,35.0,59.0,2.0,1.0
37.0,0.0,1.0,9.0,5.0,6.312285423478025,42.0,91.0,36.0,3.0,1.0
33.0,0.0,2.0,1.0,5.0,9.683581847716992,26.0,87.0,20.0,2.0,1.0
40.0,0.0,3.0,15.0,2.0,35.50855353021661,36.0,68.0,13.0,2.0,0.0
43.0,0.0,2.0,7.0,5.0,33.279793637490435,45.0,36.0,88.0,1.0,1.0
30.0,0.0,2.0,0.0,2.0,45.6029430104847,34.0,11.0,90.0,2.0,1.0
28.0,1.0,3.0,14.0,5.0,37.64387264419492,3.0,98.0,59.0,2.0,1.0
21.0,1.0,2.0,11.0,1.0,26.417774378229613,79.0,39.0,22.0,2.0,0.0
31.0,0.0,3.0,7.0,2.0,50.59158962318151,79.0,53.0,94.0,1.0,1.0
22.0,1.0,3.0,7.0,2.0,14.305397808464958,84.0,1.0,28.0,3.0,0.0
22.0,1.0,2.0,15.0,4.0,42.6595829892727,25.0,49.0,46.0,1.0,0.0
20.0,1.0,2.0,1.0,5.0,22.33951860969597,99.0,40.0,29.0,2.0,0.0
27.0,1.0,1.0,3.0,5.0,33.43675694378671,18.0,44.0,89.0,3.0,0.0
41.0,0.0,2.0,5.0,2.0,37.3634235226217,80.0,8.0,83.0,2.0,1.0
47.0,1.0,4.0,11.0,1.0,32.687704359516815,44.0,61.0,37.0,2.0,0.0
48.0,1.0,2.0,10.0,1.0,8.025365155429665,25.0,85.0,82.0,3.0,0.0
27.0,1.0,2.0,8.0,1.0,23.14755053739664,21.0,46.0,26.0,2.0,1.0
30.0,0.0,3.0,14.0,5.0,29.071918896656214,57.0,4.0,88.0,1.0,0.0
28.0,0.0,2.0,15.0,4.0,43.45218795892984,62.0,75.0,86.0,3.0,0.0
24.0,0.0,1.0,7.0,2.0,23.18228743992861,27.0,0.0,92.0,1.0,0.0
33.0,0.0,2.0,11.0,3.0,46.93736524021257,64.0,43.0,14.0,3.0,0.0
47.0,0.0,2.0,14.0,4.0,23.018711151260533,43.0,21.0,58.0,1.0,0.0
49.0,0.0,3.0,7.0,3.0,28.438992963150582,99.0,37.0,2.0,2.0,0.0
22.0,0.0,1.0,6.0,4.0,40.81428414714005,42.0,18.0,9.0,2.0,1.0
40.0,1.0,2.0,13.0,1.0,30.15338422110718,36.0,79.0,78.0,3.0,1.0
24.0,1.0,2.0,12.0,5.0,49.01090361914123,65.0,30.0,79.0,2.0,1.0
24.0,1.0,2.0,8.0,3.0,34.01679152570638,16.0,66.0,16.0,1.0,1.0
38.0,0.0,2.0,14.0,4.0,27.135472703380053,39.0,86.0,82.0,2.0,0.0
46.0,0.0,2.0,1.0,5.0,2.179598389039793,37.0,41.0,10.0,1.0,0.0
33.0,0.0,2.0,2.0,3.0,21.68664487901649,84.0,81.0,47.0,2.0,0.0
45.0,0.0,4.0,9.0,2.0,15.962420963008022,60.0,25.0,4.0,3.0,1.0
49.0,0.0,2.0,7.0,4.0,38.405283394374464,8.0,12.0,68.0,2.0,1.0
23.0,1.0,1.0,13.0,2.0,11.41388375767729,76.0,57.0,63.0,2.0,0.0
44.0,1.0,2.0,5.0,1.0,11.261004364703592,74.0,17.0,13.0,1.0,0.0
32.0,0.0,3.0,9.0,2.0,10.47595216186884,60.0,66.0,49.0,2.0,1.0
29.0,0.0,3.0,8.0,2.0,7.280780657811796,79.0,86.0,25.0,2.0,1.0
44.0,0.0,1.0,9.0,4.0,16.55035018354437,15.0,2.0,71.0,2.0,1.0
37.0,0.0,4.0,3.0,1.0,45.296105722171255,1.0,54.0,68.0,1.0,1.0
27.0,1.0,2.0,15.0,2.0,39.74642361529775,71.0,88.0,6.0,2.0,0.0
27.0,0.0,1.0,7.0,5.0,37.76256081533968,42.0,90.0,15.0,1.0,1.0
26.0,0.0,1.0,9.0,3.0,40.86684028249813,41.0,57.0,54.0,2.0,1.0
27.0,0.0,1.0,2.0,2.0,14.470894466478583,76.0,62.0,77.0,1.0,0.0
33.0,0.0,3.0,2.0,1.0,45.37208453762439,56.0,90.0,100.0,3.0,0.0
38.0,1.0,1.0,7.0,2.0,7.86516875708022,80.0,51.0,55.0,1.0,0.0
48.0,0.0,1.0,4.0,3.0,17.817286335779098,87.0,88.0,3.0,2.0,1.0
25.0,0.0,3.0,2.0,1.0,30.337405948367145,66.0,23.0,99.0,1.0,1.0
20.0,1.0,2.0,9.0,4.0,6.145254417100031,29.0,71.0,47.0,2.0,1.0
42.0,1.0,1.0,10.0,1.0,37.50650938882124,12.0,8.0,16.0,2.0,1.0
50.0,1.0,1.0,15.0,4.0,20.362302410173747,18.0,36.0,35.0,2.0,0.0
34.0,0.0,1.0,0.0,1.0,40.220283280420006,6.0,93.0,69.0,1.0,0.0
20.0,0.0,2.0,14.0,3.0,25.644814279230136,8.0,82.0,79.0,2.0,1.0
44.0,1.0,2.0,2.0,3.0,10.043726221266818,82.0,52.0,92.0,1.0,1.0
36.0,1.0,1.0,11.0,1.0,37.738090567767216,53.0,79.0,99.0,1.0,1.0
20.0,1.0,1.0,8.0,2.0,13.607197791947176,85.0,23.0,37.0,2.0,0.0
34.0,1.0,3.0,4.0,3.0,25.54051506340214,81.0,20.0,100.0,1.0,1.0
42.0,1.0,2.0,11.0,4.0,4.77666345784538,60.0,99.0,61.0,1.0,0.0
21.0,1.0,2.0,9.0,4.0,31.893332720601837,86.0,39.0,47.0,3.0,1.0
33.0,0.0,2.0,14.0,5.0,34.292888310813865,1.0,61.0,9.0,3.0,0.0
40.0,0.0,2.0,1.0,4.0,19.93371049863918,49.0,69.0,35.0,2.0,0.0
27.0,0.0,2.0,6.0,5.0,48.72113901605369,74.0,68.0,28.0,1.0,1.0
27.0,1.0,2.0,14.0,1.0,44.70844607410342,30.0,13.0,77.0,1.0,0.0
38.0,1.0,2.0,1.0,1.0,36.39704578699974,32.0,41.0,3.0,2.0,0.0
26.0,1.0,4.0,3.0,1.0,36.682603724687134,77.0,49.0,43.0,1.0,1.0
38.0,1.0,1.0,11.0,2.0,13.620085747107565,79.0,60.0,55.0,3.0,0.0
25.0,1.0,3.0,6.0,2.0,33.84076155442245,10.0,3.0,41.0,1.0,1.0
25.0,1.0,1.0,3.0,5.0,10.910313261775984,32.0,71.0,99.0,3.0,0.0
22.0,0.0,3.0,6.0,4.0,8.200161195991106,6.0,87.0,12.0,2.0,0.0
26.0,0.0,2.0,15.0,4.0,50.97339471012901,30.0,74.0,45.0,2.0,0.0
38.0,1.0,3.0,6.0,1.0,32.11879657365871,47.0,16.0,81.0,1.0,0.0
27.0,0.0,1.0,15.0,3.0,22.549393632859527,46.0,84.0,32.0,3.0,1.0
29.0,1.0,2.0,0.0,2.0,15.408226144197569,77.0,56.0,20.0,1.0,1.0
39.0,0.0,2.0,5.0,2.0,31.19602218311137,91.0,89.0,79.0,2.0,1.0
34.0,1.0,3.0,8.0,1.0,3.4796754110043064,52.0,47.0,78.0,3.0,0.0
34.0,1.0,2.0,1.0,2.0,5.734049525239753,79.0,43.0,56.0,1.0,0.0
48.0,0.0,2.0,13.0,1.0,2.6428348870198173,18.0,44.0,68.0,2.0,1.0
20.0,0.0,2.0,2.0,5.0,25.95849166313309,80.0,90.0,69.0,2.0,1.0
39.0,1.0,2.0,9.0,4.0,31.03033145935913,89.0,79.0,66.0,2.0,1.0
49.0,1.0,2.0,4.0,3.0,4.123988067891043,5.0,89.0,47.0,2.0,1.0
26.0,0.0,1.0,8.0,4.0,37.06122337494583,48.0,32.0,75.0,2.0,0.0
46.0,0.0,4.0,3.0,4.0,12.51975357572822,72.0,30.0,99.0,2.0,1.0
23.0,1.0,3.0,0.0,5.0,35.2600726884933,49.0,46.0,32.0,2.0,0.0
48.0,0.0,4.0,3.0,2.0,50.09485700176228,80.0,5.0,35.0,2.0,1.0
25.0,1.0,2.0,5.0,3.0,35.55529350269256,94.0,71.0,32.0,1.0,0.0
44.0,1.0,3.0,4.0,2.0,45.159652646180426,11.0,70.0,30.0,3.0,1.0
20.0,1.0,3.0,13.0,4.0,48.40992533715337,22.0,33.0,20.0,3.0,1.0
48.0,1.0,2.0,12.0,1.0,25.337552417615772,53.0,52.0,26.0,2.0,0.0
24.0,0.0,2.0,0.0,4.0,36.11624897098534,68.0,13.0,90.0,2.0,0.0
46.0,0.0,2.0,3.0,2.0,43.598462677792085,99.0,15.0,71.0,2.0,1.0
42.0,0.0,3.0,5.0,4.0,18.830445643719305,58.0,42.0,100.0,2.0,0.0
20.0,0.0,2.0,12.0,1.0,14.069865828019744,35.0,72.0,61.0,2.0,1.0
49.0,0.0,1.0,14.0,5.0,48.32992863891693,2.0,73.0,95.0,1.0,0.0
23.0,0.0,2.0,9.0,2.0,37.3151750184409,57.0,80.0,25.0,2.0,1.0
41.0,0.0,4.0,9.0,4.0,11.984106668791316,87.0,11.0,65.0,1.0,1.0
21.0,1.0,3.0,13.0,2.0,23.45416963380567,54.0,69.0,11.0,1.0,1.0
29.0,0.0,4.0,3.0,5.0,40.82258847689047,56.0,18.0,21.0,2.0,1.0
24.0,0.0,2.0,14.0,4.0,28.353149545922108,16.0,40.0,16.0,2.0,1.0
46.0,1.0,2.0,13.0,4.0,33.497604908294456,38.0,52.0,6.0,2.0,1.0
29.0,0.0,1.0,8.0,2.0,38.68841010225262,89.0,28.0,67.0,2.0,1.0
20.0,0.0,1.0,4.0,2.0,32.10045944044903,67.0,69.0,36.0,3.0,1.0
41.0,1.0,1.0,7.0,1.0,28.00396609610979,54.0,58.0,37.0,2.0,0.0
25.0,0.0,2.0,8.0,5.0,38.48071421938867,44.0,88.0,95.0,2.0,0.0
32.0,0.0,1.0,9.0,1.0,37.37815177161004,75.0,63.0,10.0,1.0,0.0
50.0,0.0,2.0,4.0,4.0,32.493620009158946,0.0,23.0,0.0,1.0,1.0
34.0,1.0,4.0,5.0,2.0,18.98947066909648,20.0,88.0,24.0,2.0,1.0
23.0,0.0,2.0,0.0,4.0,21.29060461001358,82.0,15.0,41.0,2.0,1.0
32.0,0.0,3.0,10.0,4.0,49.52192744420487,20.0,51.0,51.0,2.0,0.0
43.0,1.0,2.0,15.0,3.0,6.619296614576292,51.0,79.0,23.0,2.0,0.0
39.0,0.0,2.0,11.0,3.0,14.425245862641766,81.0,5.0,52.0,2.0,0.0
43.0,1.0,2.0,14.0,4.0,25.620087960216782,42.0,36.0,55.0,1.0,0.0
34.0,1.0,1.0,6.0,2.0,42.836484307189295,51.0,84.0,62.0,1.0,0.0
48.0,0.0,2.0,3.0,4.0,9.183783186486393,66.0,3.0,80.0,3.0,1.0
27.0,1.0,2.0,10.0,3.0,14.847730906230494,43.0,97.0,7.0,2.0,0.0
24.0,1.0,1.0,1.0,2.0,4.2899108897619485,31.0,91.0,58.0,1.0,1.0
48.0,0.0,2.0,4.0,4.0,36.29926330254092,9.0,37.0,44.0,2.0,1.0
34.0,1.0,2.0,11.0,5.0,12.910471773780806,63.0,40.0,26.0,2.0,1.0
